ProductID,ProductName,ArtistName,ProductCode,Barcode,Manufacturer,Publisher,ReleaseDate,CategoryID
445485678796,當我不敢說 (首張正規專輯),陳泳希 JUD,HIM2179A1,4711280334056,,華研國際,2024-12-06,A
445485679024,完人 (限量精裝燙印流水編號),蕭秉治,BD0149,4710616566598,,相信音樂,2024-12-04,A
445485679051,Eyes On Me (個人首張寫真EP),陳涵瑜(球球),NL2401,4713249235282,,禾廣,2024-12-04,A
445495678576,迷惑的夜晚,陳修澤,,4711203240235,,啟明出版,2024-12-04,A
445485679240,《萬事如意》《All The Best》,夕陽武士 Sunset Samurai,FIREON0234,,,火氣音樂,2024-12-04,A
445485679072,Bii WITH YOU,畢書盡 Bii,19802864962,198028649629,,SONY MUSIC,2024-12-03,A
425425798065,測試,小,1111111111111,,禾廣,新動國際,2024-11-30,A
445485679279,O,鍾漢良 WALLACE CHUNG,19658825042,1965882504222,個中人有限公司,SONY MUSIC,2024-11-30,A
445485679276,Daze,Everydaze,19802875452,198028754521,,SONY MUSIC,2024-11-29,A
445485678842,素顏的樣子,林以樂,BD0156,4711517111566,,相信音樂,2024-11-29,A
445485678889,苦難裡的祝福SuperBaby Format,福夢 FUMON,RD2157,4710149712172,,滾石,2024-11-29,A
445485678890,大波浪(第13張專輯)Tidal Wave,新寶島康樂隊 New Formosa Entertainment Troupe,RD2156,4710149712165,,滾石,2024-11-29,A
445485678966,回我的星球躺著,呂衣喬,74288,4717398742882,,福茂,2024-11-29,A
445485678797,不思議,鄭智化,74289,4717398742899,,福茂,2024-11-27,A
427475679266,種樹Planting Trees,林生祥 Lin Sheng Xiang,FHFCD241027,4713012746434,,好有感覺音樂,2024-11-25,A
445485679146,第二張專輯 《開往天堂的海盜船》,無妄合作社,AR028,,,空氣腦,2024-11-23,A
445485678965,萬事美妙,百合花,SOTMR011,3617662478374,,禾廣,2024-11-22,A
445485678852,裝咖人.張雅淳《夜官暗訪老仙婆》LIVE演出現場Tsng-kha-lang Feat.I?-Kuan（Night Daemons）Visits the Old Deit,裝咖人 Tsng-kha-lang （Countrymen）,,4711420520141,,老頭音樂,2024-11-22,A
445485678791,靠近,桑布伊 SANGPUY,SKM004,600568020849,,風潮,2024-11-20,A
445485678984,《破籠》,Multiverse,MU2410001,,,火氣音樂,2024-11-20,A
445475679317,2203扣人心弦(下),謝和弦,8010836,4711458010836,,亞神唱片,2024-11-18,A
445485678568,U MAKE ME SONNIE,桑尼 SONNIE,MKSN2406,4710149712059,,滾石,2024-11-17,A
445485678566,混血兒 Mixed-Race,吳利昂,FDB2401,600568020641,,風潮,2024-11-11,A
445495678524,Pineapple Bun 2,國蛋 GorDoN,,4712862000666,,顏社企業有限公司,2024-11-11,A
445485678678,秋：故事（蘇打綠版）正式版,蘇打綠,SG240031,4715872151465,,蘇打綠有限公司,2024-11-08,A
425425703455,花雨夜,張清芳,6805729,602468057291,,環球,2024-11-08,A
425435680415,親愛的請不要說,張清芳,6805710,602468057109,,環球,2024-11-08,A
425425698239,紫色的聲音,張清芳,6805714,602468057147,,環球,2024-11-08,A
425425698240,你喜歡我的歌嗎,張清芳,6805713,602468057130,,環球,2024-11-08,A
425425698268,留聲3-出塞曲,張清芳,6805716,602468057161,,環球,2024-11-08,A
425425698269,尋回,張清芳,6805712,602468057123,IO,環球,2024-11-08,A
425425698270,加州陽光La California,張清芳,6805715,602468057154,,環球,2024-11-08,A
445475679476,在極度愛你的日子裡Days of Profound Love for You,陳華 Hua Chen,WWD003,4713249235237,,禾廣,2024-11-08,A
445485678510,全新創作專輯《My Nova》,柯智棠,PQP24A13,4714398626327,,何樂音樂,2024-11-08,A
445465679296,秋：故事（蘇打綠版）預購版,蘇打綠,SG24003,4715872151458,,蘇打綠有限公司,2024-11-08,A
425425704333,只是張清芳,張清芳,6805732,602468057321,,環球,2024-11-08,A
445485678569,《美秀集團同名專輯》,美秀集團,AS2410001,,,火氣音樂,2024-11-07,A
426425679476,來生緣(2024 原典再獻),劉德華 Andy Lau,7518151,602475181514,,環球,2024-11-01,A
425435679781,謝謝你的愛(2024 原典再獻),劉德華 Andy Lau,7518155,602475181552,,環球,2024-11-01,A
426445679403,我和我追逐的夢(2024 原典再獻),劉德華 Andy Lau,7518148,602475181484,,環球,2024-11-01,A
445455678908,COlOR Free,邱鋒澤 Feng Ze,FAM2408002,4711508071619,,滾石,2024-11-01,A
426425679476,來生緣(2024 原典再獻),劉德華 Andy Lau,7518151,602475181514,,環球,2024-11-01,A
425435679781,謝謝你的愛(2024 原典再獻),劉德華 Andy Lau,7518155,602475181552,,環球,2024-11-01,A
426445679403,我和我追逐的夢(2024 原典再獻),劉德華 Andy Lau,7518148,602475181484,,環球,2024-11-01,A
445475679410,首張同名專輯《普通隊長》《Captain Ordinary》,普通隊長 Captain Ordinary,FIREON0216,,,火氣音樂,2024-10-31,A
445475679265,心中的小恐龍DinoSoul,余耀祖 Yash,LM2401,4713012746342,,好有感覺音樂,2024-10-30,A
445455679153,葉惠美 (CD+DVD),周杰倫 JAY CHOU,5895460,602458954609,杰威爾音樂,環球,2024-10-30,A
445455679154,七里香 (CD+DVD),周杰倫 JAY CHOU,58954623,602458954623,杰威爾音樂,環球,2024-10-30,A
445455679155,十一月的蕭邦 (CD+DVD),周杰倫 JAY CHOU,5895464,602458954647,杰威爾音樂,環球,2024-10-30,A
445455679156,最偉大的作品 (CD)Greatest Works Of Art,周杰倫 Jay Chou,5895479,602458954791,杰威爾音樂,環球,2024-10-30,A
445475679205,首張概念專輯I Dig You,恐龍的皮 The Dinosaur`s Skin,PQP24A14,4714398626310,,何樂音樂,2024-10-28,A
445475679263,城市晃遊者City Flyer,姚宇謙 lowking,TM03I,4713012746427,,好有感覺音樂,2024-10-26,A
445475679264,橋,步行者,PACERS2024,4713012746397,,好有感覺音樂,2024-10-26,A
445475679177,《載我去下星期五的晚上》,薄荷綠工廠,MG2409001,,,火氣音樂,2024-10-21,A
445475679266,自由花－賴和音樂專輯 IIBlossoming Freedom: A Musical Reading of Lua Ho’s Literature,鬥鬧熱走唱隊 Taugether,TAUGETHER02,4713012746410,,好有感覺音樂,2024-10-17,A
445475678798,情歌比情人還懂,梁文音,7522677,602475226772,,環球,2024-10-16,A
445465678999,《My! Cyndi! +》智能專輯KiT Album,王心凌,6808871,602468088714,,環球,2024-10-12,A
445465678848,New Moon (預購限定精裝版),Ozone,19802851672,198028516723,,SONY MUSIC,2024-10-08,A
445465678854,New Moon (正式平裝版),Ozone,19802851682,198028516822,,SONY MUSIC,2024-10-08,A
445465679400,我不可一世的輕狂,BOOM！怪物星人,PPCD0007,4711517111535,,相信音樂,2024-10-05,A
425425698287,大雨的夜裡,張清芳,6805725,602468057253,,環球,0000-00-00,A
425425698290,光芒,張清芳,6805718,602468057185,,環球,0000-00-00,A
425425698297,無人熟識,張清芳,6805727,602468057277,,環球,0000-00-00,A
425425702942,純粹,張清芳,6805728,602468057284,,環球,0000-00-00,A
425425703660,禮盒 (收納盒),張清芳,7505833,602475058335,,環球,0000-00-00,A
445455679402,16張套組+贈品禮盒,張清芳,6805748,602468057482,,環球,0000-00-00,A
425425750428,哎呦喂呀,張清芳,6805731,602468057314,,環球,0000-00-00,A
425425698271,認真的眼睛,張清芳,6805717,602468057178,,環球,0000-00-00,A
425425698241,左右,張清芳,6805720,602468057208,,環球,0000-00-00,A
425425698242,紅色張清芳,張清芳,6805723,602468057239,,環球,0000-00-00,A
445465679127,You Messed Up,Mess,DOT06,4713249235176,,禾廣,2024-10-01,A
445465679129,進擊的大叔-K1築夢篇_電影原聲帶,DJ ISLAND,AMK001,4713249235206,,禾廣,2024-10-01,A
445465679024,答案商店,答案商店,74285,4717398742851,,福茂,2024-09-30,A
445465679217,Good Enough,吳獻 Osean,7505335,602475053354,,環球,2024-09-27,A
445465678924,冥冥The Unseen,吳靜依 Jing Wu,HP2409,4711508079738,,滾石,2024-09-27,A
445465678855,blue (台灣獨占限定版),Lu1,1529838,4712931529838,,亞神唱片,2024-09-19,A
445465678606,幸福的末班車,TRASH,2173246366,5021732463661,,華納,2024-09-13,A
445465679369,晴天雨-2024高中原創畢業歌合輯,合輯,120151,4711863892799,,擎天,2024-09-13,A
445455679371,還記得那天 怪星週年誌#01,BOOM！怪物星人,PPCD0008,4711517111511,,相信音樂,2024-09-13,A
445455679304,末日倒數的庸俗週記,庸俗救星,VS001,4713249235145,,禾廣,2024-09-05,A
445455679306,新世界Our New World,書帆 ShuShu,SSF001,4713249235138,,禾廣,2024-09-05,A
445455679308,戀X活著_聯合EP,留聲機樂團X重啟二六,MIX001,4713249235060,,禾廣,2024-09-05,A
445455679445,我終於也變成人了 (Human 精裝版),沒有才能,HIM2176A1,4711280333165,,華研國際,2024-09-03,A
445455679446,我終於也變成人了 (Beast 平裝版),沒有才能,HIM2176A2,4711280333233,,華研國際,2024-09-03,A
445455679403,夏／狂熱（蘇打綠版）正式版,蘇打綠,SG240021,4715872151434,蘇打綠有限公司,蘇打綠有限公司,2024-08-30,A
445445678979,夏／狂熱（蘇打綠版）預購版,蘇打綠,SG24002,4715872151427,蘇打綠有限公司,,2024-08-30,A
445455678991,結伴(限量盤),動力火車,HIM2173A1,4711280332311,,華研國際,2024-08-22,A
445455678992,結伴(通常盤),動力火車,HIM2173A2,4711280332984,,華研國際,2024-08-22,A
445445679036,24/7 Shining,AKB48 Team TP,TPDSG2008,4715872151410,好言娛樂,,2024-08-20,A
445455678751,五大試音女聲No.5 (3CD),,WS1055,9787885312961,,音橋,2024-08-12,A
445445679124,Path and Mind,XuanXuan,SOTMR010,4713249235015,,禾廣,2024-08-02,A
445445678541,誰是被害者-概念原聲帶(Netflix影集),,HIM2175A1,4711280332977,,華研國際,2024-08-02,A
445445679152,舞狀元 (平裝版),羅志祥,2173241879,5021732418791,,華納,2024-08-01,A
445425679333,舞狀元,羅志祥,2173240551,5021732405517,,華納,2024-07-31,A
445425678676,曼陀羅DATURA,張哲瀚 ZHANG ZHEHAN,RY002,4711508065427,SHANGHAI RANYI MUSIC,,2024-07-26,A
445445678870,AAA(台壓版),"HYUKOH & 落日飛車 Hyukoh, Sunset Rollercoaster",,4711064841039,,夕陽音樂,2024-07-24,A
445445678596,超嬰格式化SuperBaby Format,福夢 FUMON,RD2100,4710149680945,,滾石,2024-07-19,A
445455679217,LUNARFACE,趙翊帆,,4712862000611,,顏社企業有限公司,2024-07-16,A
445435679024,BOOMERANG (精裝2版),孫盛希 Shi Shi,RD2147B,4710149710239,,滾石,2024-07-12,A
445435678697,成功之路-搖滾歌劇原聲帶2CD,伍佰&China Blue,RD21544A,4710149709677,,滾石,2024-07-12,A
445435679171,失落馬戲團開幕式,張苡宸 Ava,ACCD002,2024060000683,,琥山音樂,2024-07-11,A
445425679332,小故事Short Stories,雷光夏 Summer Lei,6576784,602465767841,,環球,2024-07-10,A
445445678626,王品流 Freestyle,Leo王 x PiNkChAiN x Sogare,LW2406001,2024070000138,,火氣音樂,2024-07-09,A
445435679161,微光,AP潘宇謙,AP001,4719760120588,認可音樂,avex,2024-07-08,A
445445678602,False Command,HINT,HINTCD001,4716306182307,,極光,2024-07-05,A
445435679175,蔑視SCORN,盧子翔 Lucas,LLCD003,2024060000687,,琥山音樂,2024-07-03,A
445435679173,假期女神 完美定義!!,劉心語 Anastasia,ALCD004,2024060000685,,琥山音樂,2024-07-01,A
445435679172,我是葉柔I am Daria,葉柔 Daria,DYCD001,2024060000684,,琥山音樂,2024-06-28,A
445435678707,音樂信箋 (數位卡)kiki,陳芳語 Kimberley,CHCD004,4719760120595,華風數位,avex,2024-06-28,A
445435678873,噪音公寓Noise Aprtment,拍謝少年 Sorry Youth,,4711126592091,海口味有限公司,種子音樂,2024-06-24,A
445435678750,RISE (平裝版),婁峻碩 SHOU,EP001B,4715872151403,,伊弗龐金,2024-06-19,A
445435678532,致青春,文章,74283,4717398742837,,福茂,2024-06-14,A
445405678983,《王》Music Art Book 實體專輯 (預購版),林宥嘉,HIM2172A1,4711280332410,,華研國際,2024-06-14,A
445425679095,登鸛雀樓 - 十週年紀念版,巨大的轟鳴 Gigantic Roar,GR01,,,小白兔,2024-05-31,A
445425679097,老子有的是時間 - 2024全新改版,巨大的轟鳴 Gigantic Roar,GR02,,,小白兔,2024-05-31,A
445415678836,春.日光（蘇打綠版）預購版,蘇打綠,SG24001,4715872151366,蘇打綠有限公司,,2024-05-30,A
445425679303,春.日光（蘇打綠版）正式版,蘇打綠,SG240011,4715872151373,蘇打綠有限公司,,2024-05-30,A
445425679115,Juice,Juice Boy,5419794813,5054197948138,,華納,2024-05-29,A
445425678906,黃三妹,黃于娟,HSM1001,600568019645,,風潮,2024-05-25,A
445415679213,五常法則 (再版),VH (Vast & Hazy),TEM00074,4712818785593,添翼創越工作室,avex,2024-05-24,A
445415678989,咖啡氤Caffeine,禪波 ZENBO,ZB2405001,,,火氣音樂,2024-05-23,A
445415679017,適者生存Stay alive,陳德修,8010423,4711458010423,,亞神唱片,2024-05-15,A
445425678530,杯緹Bettii,杯緹 Bettii,1296070125,4712960701250,,華納,2024-05-15,A
445425678627,SYMBOL,跑跑機器人 Go Go Machine Orchestr,GGMO20231,600568019348,,風潮,2024-05-13,A
445415678921,先聽我說完It s My Turn,徐若瑄 Vivian Hsu,19802800252,198028002523,,SONY MUSIC,2024-05-10,A
445425678626,沒事的,蕭煌奇,2173228624,5021732286246,,華納,2024-05-10,A
445415678810,需要多久才能看完一場日落(進口版),弦子,5MCD1212,9787798665147,北京華納,,2024-05-10,A
445425678621,古老的敵意Ancient Enmity,遮打對畢 Chater v Pedder,CVP2024001,4713249234995,,禾廣,2024-05-03,A
425425689542,ENERGY4EVER新曲X精選_2CD復刻版,Energy,6529244,602465292442,,環球,2024-05-03,A
427465679339,紅酒(復刻版),鄭華娟,6561218,602465612189,,環球,2024-05-03,A
445415679430,Crimzon,HUR+,AOA240001,4711232012407,AOA Entertainment Lab,龍德代理,2024-05-03,A
445415678665,Here I Am (限定版),Energy,BD0152A,4711517110286,,相信音樂,2024-05-02,A
445415678666,Here I Am  (平裝版),Energy,BD0152,4710616568523,,相信音樂,2024-05-02,A
445415678792,八度空間The Eight Dimensions,周杰倫 Jay Chou,5895459,602458954593,杰威爾音樂,環球,2024-04-30,A
445425678828,純粹污垢PureFilth,粹垢 TRAEGO,FIREON0199,,,火氣音樂,2024-04-30,A
445415678790,杰倫Jay,周杰倫 Jay Chou,5895457,602458954579,杰威爾音樂,環球,2024-04-30,A
445415678791,范特西Fantasy,周杰倫 Jay Chou,5895458,602458954586,杰威爾音樂,環球,2024-04-30,A
425425796976,這場遊戲那場夢 [典藏卡帶],王傑,5419798989,5054197989896,,華納,2024-04-26,A
425425796975,是否我真的一無所有 [經典卡帶],王傑,890794,90317797342,,華納,2024-04-26,A
425445678933,忘了你忘了我 [經典卡帶],王傑,880694,90317797649,,華納,2024-04-26,A
425485679775,一場遊戲一場夢[經典卡帶],王傑,870544,90317797847,,華納,2024-04-26,A
445395679013,無題 [典藏卡帶],王傑,5419798990,5054197989902,,華納,2024-04-26,A
445415678812,The Great Escape Of Our Time,椅子樂團 The Chairs,SOTMR008,4713249234971,,禾廣,2024-04-24,A
445415678813,同名專輯i`mdifficult,我是機車少女,SOTMR009,4713249234988,,禾廣,2024-04-24,A
425425679063,飛了吧 [原音復刻],戚小戀,922322,90317775326,,華納,2024-04-12,A
445405679278,Arctica,潛水浣熊 Diving Raccoon,8010263,4711458010263,,亞神唱片,2024-04-12,A
445405679082,首張迷你專輯,陳泳希 JUD,HIM2174A1,4711280332427,,華研國際,2024-04-10,A
445415678644,我是一個演員I am an actor,高宇蓁 Jean Kao,19658886402,196588864025,草字頭,SONY MUSIC,2024-04-09,A
445405679276,美感 Harateng no PangcahThe Beauty of Pangcah,舞思愛 Usay Kawlu,USAY002,600568019140,,風潮,2024-04-03,A
445425678871,Retune,守夜人 Night Keepers,WF0000,4711510310010,,放飛音樂,2024-04-02,A
445405679059,《Appreciation》說不出的感謝,黃小玫 SANDY HXM,HXM001,4713249234896,,禾廣,2024-04-02,A
445405679060,首張同名創作專輯,陳凡騏,CFQ001,4713249234940,,禾廣,2024-04-02,A
445395679077,BAD HABITS,陳嘉樺 Ella,MS0553,4712592250553,,群石,2024-04-01,A
445405679169,ReBorn 重生,BOOM！怪物星人,PPCD0006,4710616569537,,相信音樂,2024-03-29,A
445425678829,不是想像的完美《NOT THE EXPECTED PERFECTION》EP,帕崎拉 PACHILA,PL2312001,,,火氣音樂,2024-03-29,A
445405678646,我在I`m Here,源少年 AcQUA,SD2401,4711126591858,,種子音樂,2024-03-28,A
445405678859,羊尾仔看詩A Dragonfly Reads Poem,山狗大後生樂團 New Sangeutai Band,NSGT009,4713012746267,,好有感覺音樂,2024-03-28,A
445415678717,夢中的你(日本進口完全生產限定盤黑膠LP),張學友,UIJY75263,4988031620779,,,2024-03-27,A
445415678718,無法抑制的心(日本進口完全生產限定盤黑膠LP),張學友,UIJY75264,4988031620786,,,2024-03-27,A
445415679087,祝福 (日本進口完全生產限定盤黑膠LP),張學友,UIJY75266,4988031620809,,,2024-03-27,A
445415679088,吻別 (日本進口完全生產限定盤黑膠LP),張學友,UIJY75265,4988031620793,,,2024-03-27,A
445405678716,王國DARKTOPIA,陳惠婷 the Huiting,MKSN2405,4710149707918,,滾石,2024-03-22,A
445405679061,戀愛手札,吳胤呈,2173225031,5021732250315,,華納,2024-03-20,A
445405678939,絕佳經典(新加坡進口)2CDBest Mandarin Golden Hits(2CD),合輯 V.A.,EA72439,8886352724397,,響韻,2024-03-18,A
445405678715,日與夜，跟自己說晚安,丁噹,BD0140,4710616563436,,相信音樂,2024-03-15,A
445395678830,回郵,呂允,TEM00071,4712818780260,添翼創越工作室,avex,2024-03-14,A
445405678872,9522(平裝版),安溥 anpu,OLAP002,2024030000384,,聯成娛樂,2024-03-14,A
445405678717,走心的歌The Sound of Hearts,陳勢安 Andrew Tan,19658882582,196588825828,,SONY MUSIC,2024-03-12,A
445405678695,新寶島曼波-電影原聲帶,,4712914776914,4712914776914,,商客優國際有限公司,2024-03-08,A
445405678615,首張創作專輯《心》Sim,阿跨面 Aquaman,6513962,602465139624,,環球,2024-03-08,A
445395678571,重燃愛戀 貳 Walk On (平裝版),邰正宵,74280,4717398742806,,福茂,2024-03-08,A
445415679086,Lonely Uncle,昏鴉 The Murky Crows,MC004,,,小白兔,2024-03-08,A
445395678909,還在失眠的人啊,貝克小姐,70325,4717398703258,,福茂,2024-03-06,A
445395678654,時光 ‧美好－記憶中的一首歌,李之勤,CMCFJ002,4713249234902,,禾廣,2024-03-06,A
445395678708,【一切平常】,黃玠,Dear025,2024020000220,,親愛的音樂,2024-03-06,A
445395678912,響響 Zzound,MUR,MUR003,4713249234841,,禾廣,2024-03-06,A
445385679059,重燃愛戀 貳 Walk On 精裝版,邰正宵,74282,4717398742820,,福茂,2024-03-05,A
445385679058,重燃愛戀 貳 Walk On”我只有你”精裝版,邰正宵,74281,4717398742813,,福茂,2024-03-05,A
445395678965,首張迷你專輯GX 1st MINI ALBUM,GX,BD0154,4710616568684,,相信音樂,2024-03-01,A
445395678917,Kasavakan部落歌謠集《Apuy問火》,,IDC2440,4711126591933,,種子音樂,2024-03-01,A
445395679008,2049  (平裝版),怕胖團,8010294,4711458010294,,亞神唱片,2024-03-01,A
445395678918,唱VUVU的歌 4Singing VUVU`s Songs IV x Project Insomnia,合輯,CMD769,4711140373317,,種子音樂,2024-02-29,A
445395678946,好日HoNiHoNi,好日 HoNi,HON1001,600568019546,,風潮,2024-02-29,A
445395678935,情歌手 (台壓),邱軍,19658881132,196588811326,,SONY MUSIC,2024-02-23,A
445385678531,《牛騷 New Soul》,黃子軒,79407,2024010000043,,子皿有限公司,2024-02-21,A
444495679203,RISE,婁峻碩 SHOU,EP001,4715872151274,,伊弗龐金,2024-02-19,A
445395678592,《The Waves Around Us》,TFAP,TFA2401001,,,火氣音樂,2024-02-14,A
444495679039,你在煩惱什麼（蘇打綠版）預購版,蘇打綠,6506628,602465066289,,環球,2024-02-02,A
444495679040,十年一刻（蘇打綠版）預購版,蘇打綠,6506611,602465066111,,環球,2024-02-02,A
445395678558,十年一刻（蘇打綠版）正式版,蘇打綠,6506612,602465066128,,環球,2024-02-02,A
445395678559,你在煩惱什麼（蘇打綠版）正式版,蘇打綠,6506629,602465066296,,環球,2024-02-02,A
425425747798,張國榮`88演唱會(HKC40 ),張國榮,5832433,602458324334,,環球,2024-02-02,A
425425762540,愛你多一些精選 (寶麗金88音質),張學友 Jacky,5838854,602458388541,,環球,2024-02-02,A
429395678850,DUO陳奕迅2010演唱會(HKC40),陳奕迅 Eason,5832479,602458324792,,環球,2024-02-02,A
425425692563,95友學友演唱會(HKC40),張學友 Jacky,5832475,602458324754,,環球,2024-02-02,A
445385679151,三十鵝麗 楊逵 鵝媽媽出嫁(30週年復刻音樂會原聲帶)限量典藏版2卡帶+3CD+2黑膠(鵝黃鵝白雙彩膠),,FML001,4712914776822,,商客優國際有限公司,2024-02-02,A
445385679135,0 (普通版) 香港進口版,林憶蓮 Sandy Lam,6502115,60246502115,,環球,2024-02-02,A
445385679131,BOOM！怪物星人,BOOM！怪物星人,PPCD0005,4710616568493,,相信音樂,2024-02-02,A
436385678681,鄧麗君精選全集 (6CD) 套裝,鄧麗君 Teresa Teng,5835741,602458357417,,環球,2024-02-02,A
445385678968,壺罐樂隊百萬富翁Jug Band Millionaire,泥灘地浪人 The Muddy Basin Ramblers,MBR888,4713249234810,,禾廣,2024-01-31,A
445485679289,魔法壞女巫- 電影原聲帶 (德國進口)Wicked,,7511218,602475112181,,環球,2024-12-06,B
445485679290,魔法壞女巫- 電影原聲帶 綠色版(德國進口)Wicked,,7532386,602475323860,,環球,2024-12-06,B
445485679291,魔法壞女巫- 電影原聲帶 粉紅版(德國進口)Wicked,,7545046,602475450467,,環球,2024-12-06,B
425445680840,同名專輯(2024全新版) 德國進口Queen I,皇后合唱團 Queen,6525914,602465259148,,環球,2024-12-06,B
445485679292,同名專輯 (2024全新典藏版2CD)德國進口Queen I 2CD Deluxe Edition,皇后合唱團 Queen,6525908,602465259087,,環球,2024-12-06,B
445495678605,(KAKAOTALK/Retail Exclusive版)第一張專輯「rosie」(韓國進口版),朴彩英 Rose(BLACKPINK),YP0520-KK,,YG Entertainment,,2024-12-06,B
445495678606,(KAKAOTALK/KR Exclusive版)第一張專輯「rosie」(韓國進口版),朴彩英 Rose(BLACKPINK),YP0521-KK,,YG Entertainment,,2024-12-06,B
426395679067,現場實況 (2024 RSD黑膠)Baron Von Bullshit Rides Again  (RSD Black Friday 2024),謙遜耗子 Modest Mouse,19658830441,196588304415,,SONY MUSIC,2024-12-06,B
445475678554,(Retail Exclusive版)第一張專輯「rosie」(韓國進口版),朴彩英 Rose(BLACKPINK),YP0520,8800276478815,YG Entertainment,,2024-12-06,B
445475678555,(KR Exclusive版)第一張專輯「rosie」(韓國進口版),朴彩英 Rose(BLACKPINK),YP0521,8800276478822,YG Entertainment,,2024-12-06,B
445475678556,第一張專輯「rosie(Jewel Ver.)」(韓國進口版),朴彩英 Rose(BLACKPINK),YP0522,8800276478839,YG Entertainment,,2024-12-06,B
445475678557,(YG官網/Retail Exclusive版)第一張專輯「rosie」(韓國進口版),朴彩英 Rose(BLACKPINK),YP0520O,,YG Entertainment,,2024-12-06,B
445475678558,(YG官網/KR Exclusive版)第一張專輯「rosie」(韓國進口版),朴彩英 Rose(BLACKPINK),YP0521O,,YG Entertainment,,2024-12-06,B
445475678559,(YG官網版)第一張專輯「rosie(Jewel Ver.)」(韓國進口版),朴彩英 Rose(BLACKPINK),YP0522O,,YG Entertainment,,2024-12-06,B
445475678560,(Ktown4u/Retail Exclusive版)第一張專輯「rosie」(韓國進口版),朴彩英 Rose(BLACKPINK),YP0520-K4,,YG Entertainment,,2024-12-06,B
445475678561,(Ktown4u/KR Exclusive版)第一張專輯「rosie」(韓國進口版),朴彩英 Rose(BLACKPINK),YP0521-K4,,YG Entertainment,,2024-12-06,B
445475678562,(Ktown4u版)第一張專輯「rosie(Jewel Ver.)」(韓國進口版),朴彩英 Rose(BLACKPINK),YP0522-K4,,YG Entertainment,,2024-12-06,B
445485678496,rosie (日本進口初回生產限定盤),朴彩英 Rose(BLACKPINK),WPCR18718,,,,2024-12-06,B
445485679203,(ROSE官網/Retail Exclusive版)第一張專輯「rosie」(韓國進口版),朴彩英 Rose(BLACKPINK),YP0520-RS,,,韓國進口版,2024-12-06,B
445485679204,(ROSE官網/KR Exclusive版)第一張專輯「rosie」(韓國進口版),朴彩英 Rose(BLACKPINK),YP0521-RS,,,韓國進口版,2024-12-06,B
445485679202,為新南非而唱 (德班)The Concert For A New South Africa (Durban),惠妮休斯頓 Whitney Houston,19802819832,198028198325,,SONY MUSIC,2024-11-29,B
445485679200,無名(進口)No Name,傑克懷特 Jack White,81007442418,810074424189,,SONY MUSIC,2024-11-29,B
445485679201,青春無敵(進口)Up All Night,1世代 One Direction,88691931012,886919310122,,SONY MUSIC,2024-11-29,B
427405678996,愛情毒藥 (20周年紀念版2CD)The Poison (20th Anniversary) 2CD,致命情人合唱團 Bullet For My Valentine,19802804352,198028043526,,SONY MUSIC,2024-11-29,B
445485679178,微小變化(*德國進口)Little Changes,麥可齊汪努卡 Michael Kiwanuka,6590465,602465904659,,環球,2024-11-29,B
445485679198,你相信什麼?What Do You Believe In?,靈魂拾荒者 Rag`n`Bone Man,19802820062,198028200622,,SONY MUSIC,2024-11-29,B
445485679199,表親 (進口)Cousin,威爾可樂團 Wilco,5149740670,51497406707,,SONY MUSIC,2024-11-29,B
445485679094,《神鬼戰士II》電影原聲帶O.S.T. : Gladiator II,哈利葛瑞森─威廉斯 Harry Gregson-Williams,7508484,602475084846,DECCA,環球,2024-11-29,B
444475678778,aTTA (*德國進口),席格若斯樂團 Sigur Ros,5053892041,4050538920413,,環球,2024-11-22,B
445485679049,如何拆除原子彈(20周年紀念 豪華套裝  5CD)How To Dismantle An Atomic Bomb(20th Anniversary 5CD Super D,U2合唱團 U2,6553285,602465532852,,環球,2024-11-22,B
445485679050,思想遊戲2024全新數位錄製超級豪華套裝 (6CD+2BD)Mind Games Ultimate Edition Deluxe CD Box (6CD+2BD),約翰藍儂 John Lennon,5548710,602455487100,,環球,2024-11-22,B
425495678778,如何拆除原子彈(20周年紀念)How To Dismantle An Atomic Bomb (20th Anniversary),U2合唱團 U2,6553297,602465532975,,環球,2024-11-22,B
445485678916,愛的花束 (進口版)Bouquet,關史蒂芬妮 Gwen Stefani,7508126,602475081265,,環球,2024-11-22,B
445485678917,焦慮星球之歌(*德國進口)Songs For A Nervous Planet 2CD,驚懼之淚 Tears For Fears,7263994,888072639942,,環球,2024-11-22,B
445485678918,歌頌失落世界(2CD+藍光音訊碟)(*德國進口)Songs Of A Lost World (2CD+Blu-ray),怪人合唱團 The Cure,7503679,602475036791,,環球,2024-11-22,B
445485678919,放馬過來(*德國進口)Come Ahead,原始吶喊合唱團 Primal Scream,6405925,4099964059250,,環球,2024-11-22,B
445485679054,從零開始	(進口版)From Zero,聯合公園	 Linkin Park,9362483984,93624839842,,華納,2024-11-19,B
445485678727,"娜娜之愛-90歲生日致敬特輯【環球德國獨家企劃-德國限定專案引進】Happy Birthday, Nana",娜娜 Nana Mouskour,8851574,602488515740,,環球,2024-11-15,B
445485678728,逃離真實的世界Escaper,莎拉金斯莉 Sarah Kinsley,6582975,602465829754,,環球,2024-11-15,B
445485678731,尚恩(德國進口)SHAWN,尚恩曼德斯 Shawn Mendes,6809658,602468096580,,環球,2024-11-15,B
445485678746,終結大痞子( 海藍/寶石紅雙色彩膠)實體通路限定The Death of Slim Shady (Coup De Grace) Int l Retail Exclusi,阿姆 EMINEM,7503811,602475038115,,環球,2024-11-15,B
445485678747,挑戰者-電影原聲帶配樂Challengers (Original Score),崔特雷澤諾&阿迪克斯羅斯 Trent Reznor & Atticus Ross,19802808052,198028080521,,SONY MUSIC,2024-11-15,B
445485678774,終結大痞子(紅藍雙色彩膠)The Death of Slim Shady (Coup De Grace) Red & Blue Opaque 2L,阿姆 EMINEM,6808142,602468081425,,環球,2024-11-15,B
445485678512,輝煌50單曲精選2CD ((德國進口)The Singles - The First Fifty Years 2CD,阿巴合唱團 ABBA,6586520,602465865202,,環球,2024-11-08,B
425425753710,聖誕重現 (*德國進口)Christmas Once More,木匠兄妹 Carpenters,6569616,602465696165,,環球,2024-11-08,B
445485678513,青春永存(*德國進口)Evergreen,足球老媽 Soccer Mommy,7263578,888072635784,,環球,2024-11-08,B
445485678514,草莓飯店 (德國進口)Strawberry Hotel,地底世界樂團 Underworld,0342465,44003424654,,環球,2024-11-08,B
445485678515,歌頌失落世界 (德國進口)Songs Of A Lost World,怪人合唱團 The Cure,7503674,602475036746,,環球,2024-11-08,B
445485678516,& (德國進口)&,巴士底樂團 Bastille,6803375,602468033752,,環球,2024-11-08,B
426395678558,歌神有約-天作之合耶誕禮讚【1997經典之作神回復重生盤】Christmas With Nat And Dean,納京高&狄恩馬丁 Nat King Cole&Dean Martin,8210812,724382108122,聖誕系列,環球,2024-11-08,B
445485678687,亞歷山大技巧The Alexander Technique,橘郡雷克斯 Rex Orange County,19658899292,196588992926,,SONY MUSIC,2024-11-08,B
445485678688,迪斯可天堂Paradise,紫迪斯可機器 Purple Disco Machine,19802818932,198028189323,,SONY MUSIC,2024-11-08,B
445485678689,最後一片落葉Last Leaf On The Tree,威利尼爾森 Willie Nelson,19802836892,198028368926,,SONY MUSIC,2024-11-08,B
425425738248,祝福 ( 30周年紀念版卡帶)Merry Christmas (30th Anniversary Cassette),瑪麗亞凱莉 Mariah Carey,19658891444,196588914447,,SONY MUSIC,2024-11-08,B
445475678563,個人專輯「GOLDEN」(韓國進口限量版黑膠LP),防彈少年團 JUNGKOOK(BTS),BHE0428,8800250625983,Big Hit Entertainment,,2024-11-08,B
445485678604,我心狂野混音輯 (2CD) 進口版brat remix album,酷娃恰莉 Charli XCX,7567860413,75678604133,,華納,2024-11-06,B
445485678606,我心仍狂野 (多加三首開趴嗨歌版)進口版brat and it’s the same but there’s three more songs so it’s,酷娃恰莉 Charli XCX,7567860613,75678606137,,華納,2024-11-06,B
425425683616,無心低語：40周年紀念單曲 (12吋照片彩膠單曲)Careless Whisper: 40th Anniversary (12  Single Picture Disc,喬治麥可 George Michael,19802833751,198028337519,,SONY MUSIC,2024-11-01,B
425425678844,獨自監禁 (黑膠豪華版3片裝)Einzelhaft (Deluxe Version) (3LP),法爾可 Falco,19658742721,196587427214,,SONY MUSIC,2024-11-01,B
445475679477,後人類系列二部曲：新世代   (進口)Post Human: NeX Gen,飛越地平線樂團 Bring Me The Horizon,19439943432,194399434321,,SONY MUSIC,2024-11-01,B
445475679478,冥王星混音帶 (進口)MIXTAPE PLUTO,未來小子 Future,19802833632,198028336321,,SONY MUSIC,2024-11-01,B
425425683139,無心低語 (40周年紀念單曲)Careless Whisper (40th Anniversary),喬治麥可 George Michael,19802833772,198028337724,,SONY MUSIC,2024-11-01,B
445475679479,獨自監禁 (2CD豪華版)Einzelhaft (Deluxe Version) 2CD,法爾可 Falco,19658743772,196587437725,,SONY MUSIC,2024-11-01,B
445475679382,完美終章(德國進口)The Epilogue,狄恩路易斯 Dean Lewis,6578522,602465785227,,環球,2024-11-01,B
445475679383,"僅此一夜：里德米爾演唱會實錄(*德國進口)One Night Only Live at The Leadmill Sheffield May 19, 2023",威豹合唱團 Def Leppard,5889471,602458894714,,環球,2024-11-01,B
445475679281,哈莉奎茵 (德國進口)Harlequin,女神卡卡 Lady Gaga,7506649,602475066491,,環球,2024-10-29,B
445475679282,警報II (*德國進口 )Tension II,凱莉米洛 Kylie Minogue,6405929,4099964059298,,環球,2024-10-29,B
445475679283,"ZooTV都柏林演唱會實錄 (*德國進口 )ZooTV Tour Live In Dublin, 1993 EP",U2合唱團 U2,6558092,602465580921,,環球,2024-10-29,B
445475679284,鄉村少年的心路 (*德國進口)Mind Of A Country Boy,路克布萊恩 Luke Bryan,7500151,602475001515,,環球,2024-10-29,B
445475679260,回到未來:舞台劇原聲帶Back to the Future: The Musical,合輯 V.A.,19439917602,194399176023,,SONY MUSIC,2024-10-25,B
445475679261,回到未來 舞台劇原聲帶 (豪華版) 2CDBack to the Future: The Musical,合輯 V.A.,19658812332,196588123320,,SONY MUSIC,2024-10-25,B
445475679262,小鬼當家 電影原聲帶Home Alone (Original Motion Picture Soundtrack),約翰威廉斯 John Williams,19802834332,198028343329,,SONY MUSIC,2024-10-25,B
445475679109,對唱經典 亞洲特別盤2CDDuets 30th Anniversary 2CD Asian Edition,安德烈波伽利 Andrea Bocelli,6595689,602465956894,,環球,2024-10-25,B
445475679110,對唱經典 歐洲進口盤2CDDuets 30th Anniversary 2CD Int`l Edition,安德烈波伽利 Andrea Bocelli,6524103,602465241037,,環球,2024-10-25,B
445475679112,巔峰HIGH,齊斯艾本 Keith Urban,6568846,602465688467,,環球,2024-10-25,B
445475679324,驚天地泣鬼神 (2CD)Crack The Skye (15th anniversary edition),大隻佬樂團 Mastodon,9362485758,93624857587,,華納,2024-10-23,B
445475679294,世界巡演最精選Tour Collection,紅髮艾德 Ed Sheeran,5419798491,5054197984914,,華納,2024-10-23,B
445475679295,月球漫遊Moon Music (Limited Edition),酷玩樂團 Coldplay,2173227880,5021732278807,,華納,2024-10-23,B
445475679296,情歌醉精選The Best Of Buble,麥可布雷 Michael Buble,9362483938,93624839385,,華納,2024-10-23,B
445475679293,永遠的雪兒精選Forever,雪兒 Cher,9362484421,93624844211,,華納,2024-10-23,B
445475679039,不安於室 (20週年雙CD豪華紀念盤) 進口版Bed To Bedlam (20th Anniversary Edition) 2CD  Digipak,詹姆仕布朗特 James Blunt,2173237814,5021732378149,,華納,2024-10-16,B
425425678638,愛的喜悅-永恆典藏世紀套裝Plaisirs d amour  [20 CD Box Set],娜娜 Nana Mouskouri,5395001,600753950012,,環球,2024-10-15,B
425425678639,32金曲雙碟禮讚加值精選(2CD)【德國國境限定-專案限量輸台】Best Of【2CD-Bonus Edition】,海蓮娜費雪 Helene Fischer,6788445,602567884453,,環球,2024-10-15,B
425425678645,驚豔光芒【法國國境限定盤-專案限量輸台】Jenifer,珍妮茀 Jenifer,0633402,44006334028,,環球,2024-10-15,B
445475678736,小鎮疑雲(最終章)：電視影集配樂 (2024年版)Broadchurch : The Final Chapter,歐拉夫亞諾茲 Olafur Arnalds,6567873,602465678734,,環球,2024-10-15,B
435405679055,魅惑夏奇拉 (魅惑粉雙彩膠)Shakira (Pink Vinyl),夏奇拉 Shakira,19658884591,196588845918,,SONY MUSIC,2024-10-11,B
425465679491,夜的灰燼 (20周年紀念版2CD)Ashes of the Wake (20th Anniversary Edition),上帝羔羊樂團 Lamb Of God,19658890782,196588907821,,SONY MUSIC,2024-10-11,B
445475678540,小丑：雙重瘋狂-電影原聲帶Joker: Folie a Deux (Music From The Motion Picture),,7503474,602475034742,,環球,2024-10-09,B
430465679441,低調聲情 (德國原裝進口)Discreet Music,布萊恩伊諾 Brian Eno,68453220,5099968453220,,環球,2024-10-04,B
445475678545,父子情誼Fathers & Sons,路克康柏斯 Luke Combs,19802814262,198028142625,,SONY MUSIC,2024-10-04,B
445475678546,1974現場LIVE傳奇錄音輯 (27CD)The 1974 Live Recordings (27CD),巴布狄倫與樂隊合唱團 Bob Dylan & The Band,19658890932,196588909320,,SONY MUSIC,2024-10-04,B
445475678547,運氣與詭異 (進口)Luck and Strange,大衛吉爾摩 David Gilmour,19802804602,198028046022,,SONY MUSIC,2024-10-04,B
445465679399,143 Int`l Retail Exclusive (德國進口),凱蒂佩芮 Katy Perry,6804057,602468040576,,環球,2024-10-04,B
445465679352,變化無常(德國進口)Changes All The Time,詹姆斯貝 James Bay,6801529,602468015291,,環球,2024-10-04,B
445465679357,音樂碎片II：向莉莉‧布朗熱致敬Fragments / Lili Boulange,合輯 V.A.,4865393,28948653935,DG,環球,2024-10-04,B
425425788534,成名在望-電影原聲帶【25周年紀念-原典珍藏盤】Almost Famous-OST,,45027923,600445027923,,環球,2024-10-04,B
445465679353,June`s MENU,June Pan,19802854492,198028544924,,SONY MUSIC,2024-10-01,B
445465678929,微甜 (德國進口版)Short n`Sweet Standard Edition,莎賓娜卡本特 Sabrina Carpenter,7502779,602475027799,,環球,2024-09-27,B
445465678931,143  (德國進口),凱蒂佩芮 Katy Perry,6589727,602465897272,,環球,2024-09-27,B
445465678933,安魂曲 (德國進口)Requiem,凱西 keshi,6593501,602465935011,,環球,2024-09-27,B
445465678935,終結大痞子 (德國進口)The Death of Slim Shady (Coup De Grace),阿姆 EMINEM,6808150,602468081500,,環球,2024-09-27,B
445465679007,大衛鮑伊: 首張同名專輯 【2024年豪華紀念版】David Bowie,大衛鮑伊 David Bowie,6554740,602465547405,DECCA,環球,2024-09-27,B
441445678629,神鬼戰士-電影原聲帶 (20周年雙碟紀念盤 進口)GLADIATOR : Music From The Motion Picture (20TH ANNIVERSARY,漢斯季默&麗莎傑拉德 Hans Zimmer and Lisa Gerrard,4765223,28947652236,DECCA,環球,2024-09-27,B
445465679131,森音探索(德國進口)The Forest Is The Path,雪警樂團 Snow Patrol,5524718,602455247186,,環球,2024-09-27,B
445465679132,7 (德國進口)7,妮莉費塔朵 Nelly Furtado,6589467,602465894677,,環球,2024-09-27,B
445465679134,同名專輯 (*德國進口)Dayglow,Dayglow,6571529,602465715293,,環球,2024-09-27,B
445465679136,中西部公主的興衰 (*德國進口)The Rise and Fall of a Midwest Princess,Chappell Roan,5832134,602458321340,,環球,2024-09-27,B
425425716603,神鬼戰士-電影原聲帶Gladiator,,4670942,28946709429,DECCA,環球,2024-09-27,B
425425781276,珍稀精選Vol. 2 (德國進口)The Rest Of The Best Vol.2,羊毛衫合唱團 The Cardigans,6526031,602465260311,,環球,2024-09-20,B
425435680149,珍稀精選Vol. 1 (德國進口)The Rest Of The Best Vol.1,羊毛衫合唱團 The Cardigans,6525988,602465259889,,環球,2024-09-20,B
425425680063,MTV傳真-現場原音演唱會專輯MTV Unplugged,一萬個瘋子 10000 Maniacs,0349782392,603497823925,,華納,2024-09-16,B
425425692225,珍稀精選Vol. 1 (黑膠2片裝)The Rest Of The Best Vol.1 2LP,羊毛衫合唱團 The Cardigans,5722174,602557221749,,環球,2024-09-13,B
445465678649,不悔的潔蘿汀 (2024年紀念版)Unrepentant Geraldines,多莉艾莫絲 Tori Amos,6573605,602465736052,,環球,2024-09-13,B
445465678763,首張同名專輯 (10周年 限量版)Royal Blood (10th Anniversary Limited Edition),皇親貴族	 Royal Blood,2173226359,5021732263599,,華納,2024-09-10,B
445465678532,能量脈動 (德國進口)The F.O.R.C.E.,LL酷J LL Cool J,4896873,602448968739,,環球,2024-09-06,B
445465678533,陽光普照【法文專輯】Plein soleil,奧古斯汀 Agustin Galiana,0889915,602508899157,,環球,2024-09-06,B
425425700187,007：霹靂彈 電影原聲帶【60周年紀念-最後絕版珍藏盤】Thunderball OST,,58058925,724358058925,,環球,2024-09-06,B
445455679416,巴黎皇宮劇院-現場光芒經典紀實2CD【法國限定-專案引進】Enregistrement public au Theatre Le Palace,塞吉甘斯柏 Serge Gainsbourg,0892738,602508927386,,環球,2024-09-06,B
445455679068,微甜 (歐洲進口版)Short n` Sweet (Standard Edition),莎賓娜卡本特 Sabrina Carpenter,6593060,602465930603,,環球,2024-09-06,B
445455679312,歡樂盛事(進口版)Happenings,卡薩比恩 Kasabian,19658877262,196588772627,,SONY MUSIC,2024-08-30,B
429485679213,絕對可能 (30周年豪華版 2CD),綠洲合唱團 Oasis,19802818372,198028183727,,SONY MUSIC,2024-08-30,B
445455679147,F-1 Trillion  (德國進口),巨星馬龍 Post Malone,6595824,602465958249,,環球,2024-08-23,B
445455679148,SIS (Soft Is Strong) 首張迷你專輯Strong版 (*德國進口)SIS (Soft Is Strong) - Strong Ver.,KATSEYE,6590206,602465902068,,環球,2024-08-23,B
445455679149,SIS (Soft Is Strong) 首張迷你專輯Soft版SIS (Soft Is Strong) - Soft Ver.,KATSEYE,6590210,602465902105,,環球,2024-08-23,B
445455679215,Best Of 1969-1974,Fleetwood Mac,0349782431,603497824311,,華納,2024-08-20,B
445455678856,同名專輯 (進口)TORI.,朵蕾凱莉 Tori Kelly,19658882692,196588826924,,SONY MUSIC,2024-08-16,B
425425718992,曼菲斯時光 (5CD)Memphis (5CD),貓王 Elvis Presley,19802801522,198028015226,,SONY MUSIC,2024-08-16,B
445455678749,法蘭西之光:世紀精選套裝香榭珍藏【法國國境限定套裝-專案限量限額輸台-全球限量3000套】Collection (16CD),瑪蓮法莫 Mylene Farmer,5396813,600753968130,,環球,2024-08-16,B
445455678747,Y2K!  (*德國進口),冰辣妹 Ice Spice,6520202,602465202021,,環球,2024-08-16,B
445455678748,明日的節奏 (*德國進口)This Is How Tomorrow Moves,碧芭嘟比 beabadoobee,5796459,5060257964598,,環球,2024-08-16,B
445455678750,香榭時尚:世紀精選套裝紀念珍藏【法國國境限定套裝-專案限量限額輸台-全球限量3000套】Colleciton 1969-2022 (18CD+1DVD),珍柏金 Jane Birkin,5396546,600753965467,,環球,2024-08-16,B
445455678615,世紀天后：席琳狄翁 電影原聲帶(黑膠2入)I AM: CELINE DION (Original Motion Picture Soundtrack)(2LP),席琳狄翁 Celine Dion,19658899771,196588997716,,SONY MUSIC,2024-08-09,B
445455678616,世紀天后：席琳狄翁 電影原聲帶((法語封面版/黑膠2入)I AM: CELINE DION(Bande originale du film) (2LP),席琳狄翁 Celine Dion,19802816551,198028165518,,SONY MUSIC,2024-08-09,B
445455678534,死侍與金鋼狼-電影原聲帶Deadpool & Wolverine-OST,,8755400,50087554002,,環球,2024-08-09,B
445445679154,"C, XOXO (德國進口)",卡蜜拉 Camila Cabello,6555330,602465553307,,環球,2024-08-02,B
445445679155,寂寞時分 (十周年紀念版2CD)德國進口In The Lonely Hour 10th Anniversary Edition 2CD,山姆史密斯 Sam Smith,5837339,602458373394,,環球,2024-08-02,B
445455678553,溫布利現場實況 (2CD) 進口Live At Wembley (2CD),布勒合唱團 Blur,2173225230,5021732252302,,華納,2024-08-01,B
445455678554,L.A. Times (Limited Deluxe Edition),崔維斯合唱團 Travis,9996402873,4099964028737,,華納,2024-08-01,B
445455678555,Rx (CD),加侖提斯二人組 Galantis,7567860750,75678607509,,華納,2024-08-01,B
445455678556,Brat (進口),酷娃恰莉 Charli XCX,7567861169,75678611698,,華納,2024-08-01,B
425425679665,席爾專輯 II (30周年紀念 2CD+Blu-ray)Seal II (2CD+Blu-ray) [30th Anniversary Deluxe edition],席爾 Seal,0349782637,603497826377,,華納,2024-08-01,B
445445678773,魔力 (德國進口)Charm,克萊蘿 Clairo,2287053,196922870538,,環球,2024-07-19,B
445445678774,Saltburn 電影原聲帶,,5399666,600753996669,,環球,2024-07-19,B
445445678775,我他X的有夠愛你 (德國進口)I Love You So F***ing Much,易碎動物 Glass Animals,6519187,602465191875,,環球,2024-07-19,B
445445678779,精選輯 (進口版)Greatest Hits,艾薇兒 Avril Lavigne,19658885512,196588855122,,SONY MUSIC,2024-07-19,B
445445678780,超音速 (單曲)Supersonic,綠洲合唱團 Oasis,19802802872,198028028721,,SONY MUSIC,2024-07-19,B
445445678987,X (10周年紀念版)X (10th Anniversary Edition),紅髮艾德 Ed Sheeran,54197995040,5054197995040,,華納,2024-07-18,B
445445678990,X (10周年紀念版) 黑膠X (10th Anniversary Edition),紅髮艾德 Ed Sheeran,5419799506,5054197995064,,華納,2024-07-18,B
445445678620,未來之聲【經典鉅作60周年重製特別版】The Futuristic Sounds Of Sun Ra,太陽雷王 Sun Ra,7241968,888072419681,,環球,2024-07-12,B
445445678637,人造天堂 (歐洲原裝進口特別版)Artificial Paradise,共和世代 OneRepublic,6576603,602465766035,,環球,2024-07-12,B
429385678664,思想遊戲 (2024全新數位錄製升級版2CD)Mind Games The Ultimate Collection 2CD,約翰藍儂 John Lennon,5548706,602455487063,,環球,2024-07-12,B
445445678603,藍調尋奇-雙碟加值精裝版 (葛萊美提名!!!-葛萊美獎最佳傳統藍調專輯(*德國原裝進口)Heavy Load Blues(2CD),高穆耶樂團 Gov`t Mule,7228715,888072287150,,環球,2024-07-12,B
425425683996,奧德賽-經典重金神作37周年絕版重生最後珍藏盤(德國原裝進口)Odyssey,殷維馬姆斯汀 Yngwie Malmsteen,83545120,42283545120,,環球,2024-07-10,B
425425706270,愛的試煉-幻樂精選【Enigma最暢銷專輯!-所有金曲一次珍藏】德國原裝進口Love Senssuality Devotion,謎 Enigma,81111925,724381111925,,環球,2024-07-10,B
445445678511,我們的秘密 (德國進口)The Secret of Us,葛蕾西 Gracie Abrams,6528096,602465280968,,環球,2024-07-05,B
445445678512,世紀天后：席琳狄翁 電影原聲帶 (進口)I AM: CELINE DION (Original Motion Picture Soundtrack),席琳狄翁 Celine Dion,19658899772,196588997723,,SONY MUSIC,2024-07-05,B
445445678513,世紀天后：席琳狄翁 電影原聲帶(法語封面 進口)I AM: CELINE DION (Bande originale du film),席琳狄翁 Celine Dion,19802816552,198028165525,,SONY MUSIC,2024-07-05,B
445435679114,我們不信你 (進口)WE DON`T TRUST YOU,未來小子與都會小子 Future & Metro Boomin,19658898962,196588989629,,SONY MUSIC,2024-06-28,B
445435679115,還沒有要信你 (2CD 進口)WE STILL DON`T TRUST YOU (2CD),未來小子與都會小子 Future & Metro Boomin,19802810442,198028104425,,SONY MUSIC,2024-06-28,B
445435679116,永恆經典 (進口)Timeless,梅根崔娜 Meghan Trainor,19658897032,196588970320,,SONY MUSIC,2024-06-28,B
445435679117,成長 (進口)Older,麗茲麥卡爾蘋 Lizzy McAlpine,19658844892,196588448928,,SONY MUSIC,2024-06-28,B
445435679118,交織幻界 (德國進口)LOOM,謎幻樂團 Imagine Dragons,6561772,602465617726,,環球,2024-06-28,B
445435678891,邊界 (進口)The Border,威利尼爾森 Willie Nelson,19658889802,196588898020,,SONY MUSIC,2024-06-21,B
445435678892,靠近你 (進口)This Close To You,路瑟樂團 Luther,19658885862,196588858628,,SONY MUSIC,2024-06-21,B
445435678981,哭泣寶貝 (加值特別版) 進口Cry Baby Deluxe edition,梅蘭妮瑪汀妮 Melanie Martinez,7567860855,75678608551,,華納,2024-06-19,B
445435678989,Still Kids  [Deluxe edition] (2024),街頭頑童 New Kids On The Block,5053897907,4050538979077,,華納,2024-06-19,B
445435678621,心靈變奏曲 (德國進口)What Happened To The Heart?,歐若拉 AURORA,6515192,602465151923,,環球,2024-06-14,B
445435678622,靈感空間 (德國進口)Room Under The Stairs,贊恩 ZAYN,6527557,602465275575,,環球,2024-06-14,B
445435678627,歐洲歌唱大賽2024特輯2CD(德國進口)Eurovision Song Contest Malmo 2024 2CD,選輯 V.A.,6512093,602465120936,,環球,2024-06-14,B
445425679353,永恆 (歐洲原裝進口版)Forever (Standard Edition CD),邦喬飛 Bon Jovi,6537847,602465378474,,環球,2024-06-14,B
425425704342,傳奇天韻【Enigma-史詩序篇首張經典大作】MCMXC a.D.,謎 Enigma,78622420,77778622420,,環球,2024-06-14,B
445435678597,精靈旅程完美精選【歐盟國境限定-專案引進】Best Of,烏娜 Oonagh,0717114,602507171148,,環球,2024-06-14,B
445435678564,黑色會：艾美懷絲傳記電影-電影原聲帶 (2CD)Back to Black: Songs from the Original Motion Picture (2CD),艾美懷絲,5399742,600753997420,,環球,2024-06-07,B
445435678565,德爾菲的夢 (德國進口)The Dream of Delphi,棒棒仙女 Bat For Lashes,6501830,602465018301,,環球,2024-06-07,B
445435678566,漸漸死去 (德國進口)Frog In Boiling Water,深潛樂團 DIIV,7259330,888072593305,,環球,2024-06-07,B
445435678567,66 (德國進口)66,保羅威勒 Paul Weller,5888429,602458884296,,環球,2024-06-07,B
425425796489,007：雷霆殺機-電影原聲帶【40周年紀念-最後絕版珍藏盤】A View To A Kill-OST,,54144820,724354144820,,環球,2024-06-07,B
425425752180,嘿!-時鐘臉 (*德國原裝進口)Hey Clockface,皇帝艾維斯 Elvis Costello,7220285,888072202856,,環球,2024-06-07,B
445425679349,西班牙村景第3號 (德國原裝進口)Spanish Villager No. 3,昂德拉 Ondara,4552030,602445520305,,環球,2024-06-07,B
445415678834,Forever ＜Deluxe Edition＞ (SHM-CD+Blu-ray),邦喬飛 Bon Jovi,UICY80487,,,,2024-06-07,B
445415678835,Forever (SHM-CD),邦喬飛 Bon Jovi,UICY16225,4988031647394,,,2024-06-07,B
445435678533,男孩 (進口)boy,到暑五秒路克 Luke Hemmings,19658886332,196588863325,,SONY MUSIC,2024-06-07,B
445435678534,霓虹藥丸 (進口)Neon Pill,困獸樂團 Cage The Elephant,19658879092,196588790928,,SONY MUSIC,2024-06-07,B
445435678563,我們能找點樂子嗎(德國進口)Can We Please Have Fun,里昂王族 Kings of Leon,6523248,602465232486,,環球,2024-06-07,B
445425679066,溫柔重擊  (歐洲原裝進口特別版)HIT ME HARD AND SOFT,怪奇比莉 Billie Eilish,6556894,602465568943,,環球,2024-05-31,B
445425679067,溫柔重擊  (歐洲原裝進口版)HIT ME HARD AND SOFT,怪奇比莉 Billie Eilish,6522367,602465223675,,環球,2024-05-31,B
445425679068,折磨詩人俱樂部 (The Albatross版)The Tortured Poets Department (The Albatross Edition),泰勒絲 Taylor Swift,6508135,602465081350,,環球,2024-05-29,B
445425679069,折磨詩人俱樂部 (The Black Dog版)The Tortured Poets Department (The Black Dog Edition),泰勒絲 Taylor Swift,6508136,602465081367,,環球,2024-05-29,B
445425679070,折磨詩人俱樂部 (The Bolter版)The Tortured Poets Department (The Bolter Edition),泰勒絲 Taylor Swift,6508137,602465081374,,環球,2024-05-29,B
445425678720,牛仔卡特 (進口 玩美珠光版)COWBOY CARTER (Bead Face ver.),碧昂絲 Beyonce,19658894912,196588949128,,SONY MUSIC,2024-05-17,B
445425678721,牛仔卡特 (進口 金髮尤物版)COWBOY CARTER  (Blonde Hair ver.),碧昂絲 Beyonce,19658899642,196588996429,,SONY MUSIC,2024-05-17,B
445425678722,同名專輯 (進口)Luther,路瑟樂團 Luther,19658881272,196588812729,,SONY MUSIC,2024-05-17,B
425425686395,芳心未愛【最後遺世專輯】德國原裝進口Oh! Pardon tu dormais…,珍柏金 Jane Birkin,3505228,602435052281,,環球,2024-05-17,B
445425678794,生命之聲 (德國進口)All Born Screaming,聖玟森 St. Vincent,2283417,196922834172,,環球,2024-05-17,B
425425702955,蒙特婁現場演唱會2CD (德國進口)Queen Rock Montreal 2CD,皇后合唱團 Queen,5832556,602458325560,,環球,2024-05-17,B
445425678687,水漾聲情-現場美聲雙碟珍藏【法國國境限定-專案引進】O tour de l eau(2CD),諾雯露華 Nolwenn Leroy,4705523,602547055231,,環球,2024-05-17,B
425425703941,變幻的十字架【1993經典神作】德國原裝進口The Cross Of Change,謎 Enigma,8392362,724383923625,,環球,2024-05-17,B
445425678851,與愛何干?(4CD+1DVD?影音套裝)進口What`s Love Got to Do With It?,蒂娜透納 Tina Turner,5419755555,5054197555558,,華納,2024-05-15,B
445425678848,與愛何干 (2CD 進口)What`s Love Got to Do With It?,蒂娜透納 Tina Turner,5419755546,5054197555466,,華納,2024-05-15,B
427495679503,血性共鳴 (2024)Bleed Like Me (2024 Remaster),垃圾合唱團 Garbage,9996400408,4099964004083,,華納,2024-05-15,B
445495678528,疼惜女人花(CD),陳淑萍,CD12417,4713833124176,,豪記,2024-12-10,C
445485679110,勇敢拼落去EP,貴霏,HPG002,4713249235244,,禾廣,2024-12-04,C
445485679111,乎乾啦,黃芭樂,BARA001,4713249235312,,禾廣,2024-12-04,C
445485679117,苦心茶,麗小花,WT5932140,4715280062391,,華特,2024-12-03,C
445485679109,尚青的浪漫,歐巴尚青,,4711508085807,,時代創藝,2024-11-28,C
445485678680,愛情約定  (CD),向蕙玲,CD12415,4713833124152,,豪記,2024-11-13,C
445485678681,出運啦  (CD),謝金晶,CD12411,4713833124114,,豪記,2024-11-13,C
445485678594,無夢少年家,羊米人 Yummy Man,YM001,4713249235275,,禾廣,2024-11-06,C
445485678603,人生如紙(CD+DVD),李明洋,AJI11302,4713249235183,,禾廣,2024-11-06,C
445475679505,無情劍,袁小迪,WT5932138,4715280062377,,華特,2024-11-01,C
445475679506,祈信,陳祈信,WT5932139,4715280062384,,華特,2024-11-01,C
445475679099,查埔人一首歌,潘信維,8010621,4711458010621,,亞神唱片,2024-10-25,C
445475678741,愛的班車 CD+DVD,玟靈,HSCD04,4713249235220,,禾廣,2024-10-15,C
445465679371,今後怎樣活,陳思安,CD12414,4713833124145,,豪記,2024-10-08,C
445465679372,烘爐配茶壺,鄔兆邦,CD12413,4713833124138,,豪記,2024-10-08,C
445465679128,風中無緣花,方順吉,TCA008,4713249235190,,禾廣,2024-10-01,C
445465679370,多多愛你,蔡多多,WT5932137,4715280062360,,華特,2024-10-01,C
445465679152,堅疕,賴慧如 Huiru Lai,STAR2024083,4711508078304,,時代創藝,2024-09-26,C
445465678526,物件，所在,FunkyMo,19802843702,198028437028,麟鑫,SONY MUSIC,2024-09-13,C
445465678587,人生夢,楊哲,CD12410,4713833124107,,豪記,2024-09-12,C
445465678607,追夢的人 CD,談詩玲,CD12408,4713833124084,,豪記,2024-09-12,C
445455679310,袂記的青春,許志豪,DM88042,4713249235114,,禾廣,2024-09-05,C
445455679311,愛雙雙,達玲,DL001,4713249235152,,禾廣,2024-09-05,C
445445679125,三月雪的夢,蘇柏臻,HYME802,4713249234957,,禾廣,2024-09-05,C
445445679126,對你的情,張維祐,HYME803,4713249235084,,禾廣,2024-09-05,C
445455678799,予你的心誰來賠,陳怡婷,STAR2024082,4711508075327,,時代創藝,2024-08-15,C
445455678535,愛你到底為啥物,郭婷筠,STAR2024081,4711508075310,,時代創藝,2024-08-08,C
436395678635,轟動閩南語歌曲 180G 1LP (限量編號版透明色膠),鄧麗君 Teresa Teng,HS002,4714041759136,,音橋,2024-08-08,C
445445679153,紅玫瑰 (CD),唐儷,CD12409,4713833124091,,豪記,2024-08-06,C
445445679127,天公會保庇,蔡佳麟,WT5932136,4715280062346,,華特,2024-07-30,C
445445679128,上好的代誌,朱德寶,SD1836,4715280062353,,華特,2024-07-30,C
445445678557,後世人,曾瑋中,STAR2024080,4711508071978,,時代創藝,2024-07-04,C
445435679132,台灣閃閃爍,閃靈,CH29,4713249235077,,禾廣,2024-07-03,C
445435679133,我的世界只有你(雙主打EP),陳言寧,YNC002,4713249235008,,禾廣,2024-07-03,C
445435679134,酒醉玫瑰,路秀蘭,LSL001,4713249235053,,禾廣,2024-07-03,C
445435679135,等待情花開(單曲),柯婉樺,KO002,4713249235046,,禾廣,2024-07-03,C
445445678547,歹鐵仔,蔡義德,WT5932135,4715280062339,,華特,2024-07-02,C
445425678974,紅線(限量編號版透明紅膠) 180 克 (1-LP),江蕙,ENRICHLP36,4711368322517,,音橋,2024-06-18,C
445435678694,我若放袂記 (CD),陳隨意,CD12405,4713833124053,,豪記,2024-06-18,C
445435678695,愛無罪 (CD),謝宜君,CD12404,4713833124046,,豪記,2024-06-18,C
445435678696,返鄉 (CD),吳俊宏,CD12407,4713833124077,,豪記,2024-06-18,C
445425679347,LADY PUM PUM,林美秀,2173237412,5021732374127,三川娛樂,華納,2024-06-12,C
445435678562,問,蔡茗淇,PURE2401,4713105240016,,美樂帝,2024-06-06,C
445425678593,夜夜夢夜夜醉,洪榮宏,WT5932133,4715280062315,,華特,2024-05-07,C
445425678594,心頭鎖,蔡以真,WT5932134,4715280062322,,華特,2024-05-07,C
445425678622,愛情避風港 (CD+DVD),蔣雪櫻,QFZ007,4713249234964,,禾廣,2024-05-03,C
445415679428,從今以後,郭忠祐,,4711508066592,,時代創藝,2024-05-02,C
445415679196,天地之間 CD,林良歡,CD12403,4713833124039,,豪記,2024-04-26,C
445405679277,十年,彭正,STAR2024077,4711508065038,,時代創藝,2024-04-11,C
445405679299,斷翅的愛,麗蓉,WT5932132,4715280062308,,華特,2024-04-02,C
445405679101,寄天的記憶   (CD),林姍,CD12401,4713833124015,,豪記,2024-04-02,C
445405679102,幸福為我留    (CD),廖婉君,CD12402,4713833124022,,豪記,2024-04-02,C
445405679099,贏一口氣  (CD),張秀卿,CD12400,4713833124008,,豪記,2024-03-28,C
445385678970,感情船,陳水清,HYME801,4713249234919,,禾廣,2024-03-06,C
445395678672,天對我惜 (CD),翁立友,CD12399,4713833123995,,豪記,2024-02-20,C
445385679136,十八般武藝,黃妃,WT5932130,4715280062285,,華特,2024-02-02,C
445385679137,情人雨,陳子賢,WT5932131,4715280062292,,華特,2024-02-02,C
445385678992,心事誰人知,陳盈潔,FYO126,4713249234865,,禾廣,2024-01-31,C
445385678993,送你出帆,陳盈潔,FYO127,4713249234872,,禾廣,2024-01-31,C
445385678969,異想世界,翁鈺鈞,DM88040,4713249234827,,禾廣,2024-01-31,C
444495678878,一路平安,熊美玲,HD001,4713249234667,,禾廣,2024-01-31,C
444495679160,五木大學,許富凱,PQP2303,4710281292006,,何樂音樂,2024-01-24,C
445385678961,月亮情緣 (CD),陳淑萍,CD12398,4713833123988,,豪記,2024-01-19,C
445385678963,笑紅塵 (CD),葉諾帆,CD12397,4713833123971,,豪記,2024-01-19,C
444495679139,K歌第一名,方千玉,WT5932129,4715280062278,,華特,2024-01-03,C
444495679006,癡心嬛啊嬛【USB】,嬛嬛,ANGEL002,4713249234858,,禾廣,2023-12-29,C
444495679007,青春的尾班車,王定明,JH002,4713249234889,,禾廣,2023-12-29,C
444495678842,心內烏空,蘇明淵,SMY2303,600568018143,,風潮,2023-12-23,C
444495678705,夜婆,巴奈 Panai,PK001,4713012746212,,好有感覺音樂,2023-12-14,C
444495678613,天就要光,麗小花,WT5932128,4715280062261,,華特,2023-12-12,C
444485679175,十一號碼頭 (CD),龍千玉,CD12395,4713833123957,,豪記,2023-12-01,C
444485679176,愛的故事 (CD),蕭玉芬,CD12396,4713833123964,,豪記,2023-12-01,C
444485678829,上好命(CD+DVD),李明洋,AJI11201,4713249234759,,禾廣,2023-11-20,C
444485678831,感情冊(USB),陳衣宸,AKL001,4713249234599,,禾廣,2023-11-20,C
444475679271,深夜酒香_首張EP,貴霏,HPG001,4713249234674,,禾廣,2023-11-03,C
444475679373,情義,袁小迪,WT5932126,4715280062247,,華特,2023-11-03,C
444475679374,攏是我愛你,陳祈信,WT5932127,4715280062254,,華特,2023-11-03,C
444485678529,隨行Trekking With You,台客電力公司 Taiko Electro Company,19658855392,196588553929,,SONY MUSIC,2023-11-02,C
444475678730,轉來的路The Way Home,曾立馨 Li-Sin Zeng,HCD-1001,600568017740,,風潮,2023-11-02,C
444475678894,空港惜別 (CD),陳思安,CD12394,4713833123940,,豪記,2023-10-24,C
444475678895,心肝乒乓彩 (CD),劉信明,CD12393,4713833123933,,豪記,2023-10-24,C
444475678975,歐巴尚青,歐巴尚青,STAR2023074,4711099732906,,時代創藝,2023-10-19,C
444465679165,蝴蝶飛  CD+DVD,沈雅雯,HTCD0068,4713105905687,,美樂帝,2023-10-16,C
444465679166,搖一下,蔡多多,WT5932124,4715280062223,,華特,2023-10-03,C
444465678896,Super Mama,郭婷筠,STAR2023073,4711099730926,,時代創藝,2023-09-27,C
444465678876,酒醉的月亮  (CD),向蕙玲,CD12392,4713833123926,,豪記,2023-09-21,C
444465678877,搶頭香  (CD),謝金晶,CD12390,4713833123902,,豪記,2023-09-21,C
444455679017,洘流賰沙,黃春美,KMUSIC02,4713249234568,,禾廣,2023-09-01,C
444455679150,簡單一句話kan-tan tsit ku ue,鄭平 Tenn Ping,KAWA035,4713012746076,,好有感覺音樂,2023-08-31,C
444455678901,若是拄著落雨天,賴慧如 Huiru Lai,STAR2023072,4711099728879,,時代創藝,2023-08-24,C
444455679036,時也運也命也 (CD),楊哲,CD12389,4713833123896,,豪記,2023-08-22,C
444455679037,鳳求凰   (CD),楊靜,CD12391,4713833123919,,豪記,2023-08-21,C
444455678621,小姐我親一下,蔡佳麟,WT5932122,4715280062193,,華特,2023-08-08,C
444455678623,老歌曲,朱德寶,SD1835,4715280062209,,華特,2023-08-08,C
444445679003,望天成全 CD+DVD,玟靈,HSCD03,4713249234544,,禾廣,2023-08-04,C
444445678841,干樂kan-lok,黃琦茵 Emily Huang,BP1002,600568016842,,風潮,2023-07-25,C
444445678730,位土地來的歌聲,楊秀卿,NOWCD20230410,4711420524101,,老頭音樂,2023-07-19,C
444445678583,月下再相逢  (CD),唐儷,CD12388,4713833123889,,豪記,2023-07-14,C
444445678584,相逢的列車(CD),鄔兆邦,CD12386,4713833123865,,豪記,2023-07-14,C
444445678664,假使你知影,曾瑋中,,4711099724734,,時代創藝,2023-07-13,C
444435679067,圓滿,陳葳,CMF001,4713249234469,,禾廣,2023-07-05,C
444435679068,捀杯對看,蔡宜汝,TCE002,4713249234490,,禾廣,2023-07-05,C
444435679208,你是阮的天,蔡義德,WT5932121,4715280062186,,華特,2023-07-05,C
444435678863,乾坤全新沈建豪&林娜&林子娟台語合輯 CD+DVD,合輯,CKCD193,4719668003136,,美樂帝,2023-06-15,C
444435678761,水水點胭脂 (CD),吳俊宏,CD12387,4713833123872,,豪記,2023-06-13,C
444435678762,無語問蒼天 (CD),林琇琪,CD12383,4713833123834,,豪記,2023-06-13,C
444425679050,茉聿,王茉聿 MoYu Wang,9971993,4711099719938,,時代創藝,2023-05-25,C
444425679063,一路順風  CD+DVD,高佳群,YB020,4715838523732,,美樂帝,2023-05-25,C
444425679064,伴 (CD+DVD),甲子慧,YB019,4715838523916,,美樂帝,2023-05-25,C
444425679066,傷心攏留給我 (CD+DVD),林喬安,YB018,4715838523572,,美樂帝,2023-05-25,C
444425679234,借酒膽,詹雅雯,YWC2304,4717398742776,,福茂,2023-05-21,C
444425678596,舊情再相逢 (CD),陳隨意,CD12384,4713833123841,,豪記,2023-05-11,C
444425678597,春嬌愛隨意 (CD),謝宜君,CD12385,4713833123858,,豪記,2023-05-11,C
444425678563,你愛聽的彼首歌 (USB+CD),洪榮宏,WT2346001,4715280062162,,華特,2023-05-10,C
444425678564,若無真心,蔡以真,WT5932120,4715280062179,,華特,2023-05-10,C
444415679043,有歲,施文彬,RUN2316,4713249234391,,禾廣,2023-05-05,C
444425678989,台灣藍調-工人e歌,21世紀無聊男子,CBG001,4713012745253,,好有感覺音樂,2023-04-29,C
444415678752,若夢若醉,陳言寧,YNC001,4713249234377,,禾廣,2023-04-21,C
444415678848,返來啦咱的愛 CD,談詩玲,CD12381,4713833123810,,豪記,2023-04-21,C
444415678849,鴛鴦情話 CD,林良歡,CD12382,4713833123827,,豪記,2023-04-21,C
444405679063,醉萬年,彭正,STAR2022060-1,4711099716708,,時代創藝,2023-04-13,C
444405679020,台北夢,麗蓉,WT5932118,4715280062155,,華特,2023-03-31,C
444405678801,春酒 CD+DVD,余天龍,TLCD03,4713105915358,,美樂帝,2023-03-21,C
444405678738,我是女王  CD,張秀卿,CD12380,4713833123803,,豪記,2023-03-17,C
444405678739,初次見面  CD,朱海君,CD12379,4713833123797,,豪記,2023-03-17,C
444395679034,酒是咱的朋友,方千玉,WT5932117,4715280062148,,華特,2023-03-03,C
444395678871,禁,曹雅雯,RD2135,4710149697899,,滾石,2023-02-24,C
444395678573,卡水的夢 CD+DVD,林姍,CD12372,4713833123728,,豪記,2023-02-09,C
444395678587,傷心的地圖 (CD+DVD),莊振凱,CD12377,4713833123773,,豪記,2023-02-09,C
444385678730,英雄魂,王俊清,WEF002,4713249234049,,禾廣,2023-02-03,C
444385678622,刀馬旦 CD+DVD,翁立友,CD12376,4713833123766,,豪記,2023-01-13,C
443495678938,錯過,陳子賢,WT5932115,4715280062124,,華特,2023-01-03,C
443495678920,雙人探戈,柯婉樺,KO001,4713249234322,,禾廣,2022-12-30,C
443495678937,回想,黃妃,WT5932114,4715280062117,,華特,2022-12-28,C
443495678816,憐朱安,蔡秋鳳,5419747862,5054197478628,,華納,2022-12-23,C
443495678627,眼淚一斤重 (CD+DVD),楊哲,CD12378,4713833123780,,豪記,2022-12-15,C
443495678628,斷腸淚 (CD+DVD),陳思安,CD12375,4713833123759,,豪記,2022-12-15,C
443485679172,無礙,蔡家蓁 Kelly Tsai,STAR2022067,4711099706570,,時代創藝,2022-12-08,C
443485679330,心愛的謝謝 (CD+DVD),阿吉仔,CKCD91,4719668003112,,美樂帝,2022-12-08,C
443485679043,首張個人專輯 - 萬壽菊,黃浩庭,,4711064849981,,夕陽音樂,2022-12-01,C
443485678581,入,廖士賢 Sam Liao,RD2133,4710149696076,,滾石,2022-11-18,C
443485678805,夢中的思念   CD+DVD,龍千玉,CD12374,4713833123742,,豪記,2022-11-16,C
443485678806,緣份比紙薄  CD+DVD,廖婉君,CD12373,4713833123735,,豪記,2022-11-16,C
443475678994,癡心三溫暖【USB專輯】,嬛嬛,ANGEL001,4713249234179,,禾廣,2022-11-02,C
443475678585,當初的咱,賴慧如 Huiru Lai,STAR2022066,4711099702183,,時代創藝,2022-10-13,C
443475678601,愛情真偉大  CD+DVD,向蕙玲,CD12371,4713833123711,,豪記,2022-10-13,C
443475678669,逝去的愛情,陳言寧,MLD536,4713105915365,,美樂帝,2022-10-12,C
443465679147,我有罪【USB專輯】,江志豐,FENG004,4713249234216,,禾廣,2022-10-05,C
443465678746,格,DJ MR.GIN,,4712862000444,,顏社企業有限公司,2022-09-30,C
443465678680,由我決定,杜忻恬,STAR2022065,4711099697229,,時代創藝,2022-09-15,C
443455679113,直直動  (CD+DVD),謝金晶,CD12363,4713833123636,,豪記,2022-09-06,C
443455679114,天賜良緣  (CD+DVD),吳俊宏,CD12369,4713833123698,,豪記,2022-09-06,C
443465678555,《自從彼時陣》,周自從,FIREON0101,2022090000067,,火氣音樂,2022-09-06,C
443455678974,體會,白冰冰,CSMT007,4713249233967,,禾廣,2022-09-02,C
443455678975,迷戀你的香,方順吉,TC007,4713249233493,,禾廣,2022-09-02,C
443455678976,目睛有沙 (CD+DVD),吳木,WU22004,4713249234193,,禾廣,2022-09-02,C
443455678883,上愛彼個人,郭忠祐,STAR2022064,4711099696734,,時代創藝,2022-09-01,C
443455678934,情話三碗公(CD+DVD),謝宜君,CD12370,4713833123704,,豪記,2022-08-26,C
443455678951,八面玲瓏 (CD+DVD),唐儷,CD12367,4713833123674,,豪記,2022-08-26,C
443455678850,兄弟一場 CD+DVD,大台風,CKCD190,4719668003105,,美樂帝,2022-08-19,C
443445678862,是你 (CD+DVD),蔡茗淇,HTCD0067,4713105905670,,美樂帝,2022-08-15,C
443455678489,棋,袁小迪,WT5932112,4715280062094,,華特,2022-08-08,C
443455678490,黑獨白,陳祈信,WT5932113,4715280062100,,華特,2022-08-08,C
443445679009,愛老虎油   CD+DVD,董育君,CD12368,4713833123681,,豪記,2022-08-04,C
443435679019,總會有一工,曾瑋中,STAR2022063,4711099690701,,時代創藝,2022-07-07,C
443435679054,男人的性命 (CD+DVD),陳隨意,CD12366,4713833123667,,豪記,2022-07-05,C
443435678921,日頭花,蔡義德,WT5932111,4715280062087,,華特,2022-07-05,C
443445678995,人生舞台-新黑貓歌劇團,陳明章,CMC028,4712098110283,,陳明章音樂,2022-07-04,C
442435679038,夢中的記誌 ( CD+DVD ),沈建豪,CK186,4719668003068,,美樂帝,2022-07-01,C
443435678626,雨天,陳怡婷,STAR2022062,4711099689231,,時代創藝,2022-06-16,C
443435678521,贏過人生 CD+DVD,談詩玲,CD12365,4713833123650,,豪記,2022-06-10,C
443425678875,花開花謝,郭婷筠,STAR202261,4711099687060,,時代創藝,2022-05-26,C
443425678685,愛情回來過    CD+DVD,陳淑萍,CD12364,4713833123643,,豪記,2022-05-19,C
443425678686,拉拉吾雅    CD+DVD,劉信明,CD12362,4713833123629,,豪記,2022-05-19,C
443415678901,夢中吻CD+DVD,玟靈,HSCD02,4713249233905,,禾廣,2022-05-05,C
443415679017,寒冬過了是春天,洪榮宏,WT5932109,4715280062063,,華特,2022-05-05,C
443415679018,歡喜乾杯,方千玉,WT5932110,4715280062070,,華特,2022-05-05,C
443415678747,有感覺才做夥 CD+DVD,林姍,CD12355,4713833123551,,豪記,2022-04-22,C
443415678748,望夫石 CD+DVD,廖婉君,CD12359,4713833123599,,豪記,2022-04-22,C
443415678749,草螟仔弄春風  CD+DVD,鄔兆邦,CD12361,4713833123612,,豪記,2022-04-22,C
443405679073,永遠仝款,彭正,STAR2022060,4711099681976,,時代創藝,2022-04-07,C
443415678493,為愛受傷的女人,蔡以真,WT5932108,4715280062056,,華特,2022-04-01,C
443405678856,江志豐花期vs甲子慧挽月(CD+DVD),江志豐&甲子慧,CKCD188,4719668003082,,美樂帝,2022-03-17,C
443405678601,愛情的高手 CD+DVD,翁立友,CD12360,4713833123605,,豪記,2022-03-11,C
443405678602,真心不換 CD+DVD,林良歡,CD12358,4713833123582,,豪記,2022-03-11,C
443395678828,水逆 Mercury Retrograde(普通版),鄭宜農 Enno Cheng,FIREON0074,2022020000340,,火氣音樂,2022-03-04,C
443395678937,我愛的人是你,YaYoi彌生,LYT001,4713249233851,,禾廣,2022-03-03,C
443405678514,春天一聲雷,麗蓉,WT5932107,4715280062049,,華特,2022-03-02,C
443385678790,關關難過關關過(CD+DVD),吳凱蓁,MLD1534,4713105915341,,美樂帝,2022-01-27,C
443385678702,九月玫瑰    CD+DVD,龍千玉,CD12354,4713833123544,,豪記,2022-01-21,C
443385678703,無巢的燕仔   CD+DVD,楊靜,CD12357,4713833123575,,豪記,2022-01-21,C
443385678704,請你珍惜我   CD+DVD,張秀卿,CD12356,4713833123568,,豪記,2022-01-21,C
443385678672,台語專輯我們同島一命CD,陳茂豐,MLD1535,4713105970838,,美樂帝,2022-01-12,C
442495678940,深深愛著你,朱德寶,SD1834,4715280062032,,華特,2022-01-03,C
442495679022,嘸啥人知的歌星 EP,江念庭,5419712313,5054197123139,,華納,2021-12-31,C
442495678948,那個男孩,龍飄飄,FYO112,4713249233776,,禾廣,2021-12-30,C
442495678949,歲月的歌,龍飄飄,FYO113,4713249233783,,禾廣,2021-12-30,C
442495678576,車站 春夏秋冬 音樂故事作品專輯1,林垂立,RD2117,4710149690142,,滾石,2021-12-28,C
442495678939,無閂,黃妃,WT5932106,4715280062025,,華特,2021-12-28,C
442495678844,敢敢,蘇明淵,SMY2102,600568013841,,風潮,2021-12-23,C
445485678974,Ae! group Debut Tour ～世界第一Ae!LIVE～(環球官方進口初回盤(2Blu-ray))(預購至11/28 12:00止),Ae! group,UPXA9001,4988031691847,,環球,2024-12-04,F
445485678975,Ae! group Debut Tour ～世界第一Ae!LIVE～(環球官方進口初回盤(2DVD))(預購至11/28 12:00止),Ae! group,UPBA9001,4988031691854,,環球,2024-12-04,F
445485678976,Ae! group Debut Tour ～世界第一Ae!LIVE～(環球官方進口通常盤(2Blu-ray))(預購至11/28 12:00止),Ae! group,UPXA1001,4988031691861,,環球,2024-12-04,F
445485678977,Ae! group Debut Tour ～世界第一Ae!LIVE～(環球官方進口通常盤(2DVD)(預購至11/28 12:00止),Ae! group,UPBA1001,4988031691878,,環球,2024-12-04,F
445475679373,我終於找到你了(初回限定盤(CD+Blu-ray))環球官方進口(預購至11/7 12:00止),CreepHyp,UMCK7263,4988031692080,,環球,2024-12-04,F
445475679374,我終於找到你了(通常盤)環球官方進口(預購至11/7 12:00止),CreepHyp,UMCK1786,4988031692073,,環球,2024-12-04,F
445475678837,VIIsual (初回T盤-CD+Blu-ray) 環球官方進口(預購至11/7 12:00止),Travis Japan,UPCC9006,4988031683460,,環球,2024-12-04,F
445475678838,VIIsual (初回T盤-CD+DVD) 環球官方進口(預購至11/7 12:00止),Travis Japan,UPCC9007,4988031683477,,環球,2024-12-04,F
445475678839,VIIsual (初回J盤-2CD) 環球官方進口(預購至11/7 12:00止),Travis Japan,UPCC9008,4988031683484,,環球,2024-12-04,F
445475678840,VIIsual (通常盤) 環球官方進口(預購至11/7 12:00止),Travis Japan,UPCC9010,4988031683491,,環球,2024-12-04,F
445465678642,note（黑膠LP） 環球官方進口(預購至9/19 12:00止),上白石萌音,UPJH1045,4988031680735,,環球,2024-12-04,F
445465678643,name（黑膠LP） 環球官方進口(預購至9/19 12:00止),上白石萌音,UPJH1046,4988031680742,,環球,2024-12-04,F
445485679247,Professionals-17th (CD+BD+PhotoBook初回限定版),早安少女組。’24 Morning Musume。’24,WMJP0260,4712914772527,,商客優國際有限公司,2024-12-04,F
445485679169,GIANT (索尼日本進口初回生產限定盤A-CD+Blu-ray),Stray Kids,ESCL-6024,4547366712988,JYP Entertainment,SONY MUSIC,2024-11-29,F
445485679170,GIANT (索尼日本進口初回生產限定盤B-CD+photobook),Stray Kids,ESCL-6026,4547366712995,JYP Entertainment,SONY MUSIC,2024-11-29,F
445485679171,GIANT (索尼日本進口通常盤),Stray Kids,ESCL-6028,4547366712971,JYP Entertainment,SONY MUSIC,2024-11-29,F
445455679250,SOMEWHERE IN THE DISTANT CITY / ALL I WANNA DO ISCRY(7inch single record)(日本進口版)(預購至9/4 12:00止),中山美穗,NDS1067,4988003636913,,,2024-11-29,F
445455679344,Under Blue / 映像盤(日本進口初回生產限定盤(CD+Blu-ray))(預購至9/15 12:00止),Eve,TFCC81106,,,,2024-11-27,F
445455679345,Under Blue / 青底盤(日本進口完全生產限定盤(CD+GOODS))(預購至9/15 12:00止),Eve,TFCC81105,,,,2024-11-27,F
445455679346,Under Blue / (日本進口通常盤CD)(預購至9/15 12:00止),Eve,TFCC81108,,,,2024-11-27,F
445475678604,Hey! Say! JUMP / 「H+」U盤(艾迴進口初回限定盤1-CD＋Blu-ray)(預購至10/14 12:00止),Hey! Say! JUMP,LCCA6164165,4582515776718,SMILE-UP,avex,2024-11-27,F
445475678605,Hey! Say! JUMP / 「H+」U盤(艾迴進口初回限定盤1-CD＋DVD)(預購至10/14 12:00止),Hey! Say! JUMP,LCCA6166167,4582515776725,SMILE-UP,avex,2024-11-27,F
445475678606,Hey! Say! JUMP / 「H+」U盤(艾迴進口初回限定盤2-CD＋Blu-ray)(預購至10/14 12:00止),Hey! Say! JUMP,LCCA6168169,4582515776732,SMILE-UP,avex,2024-11-27,F
445475678607,Hey! Say! JUMP / 「H+」U盤(艾迴進口初回限定盤2-CD＋DVD)(預購至10/14 12:00止),Hey! Say! JUMP,LCCA6170171,4582515776749,SMILE-UP,avex,2024-11-27,F
445475678608,Hey! Say! JUMP / 「H+」U盤(艾迴進口通常盤CD)(預購至10/14 12:00止),Hey! Say! JUMP,LCCA6172,4582515776756,SMILE-UP,avex,2024-11-27,F
445465678951,2ND ARENA LIVE TOUR (READY TO POP!)IN KYOCERA DOMEOSAKA (日本進口初回限定版(Blu-ray))(預購至9/28 12:00止),INI,YRXS80074,,,,2024-11-27,F
445465678952,2ND ARENA LIVE TOUR (READY TO POP!)IN KYOCERA DOMEOSAKA (日本進口初回限定版(2DVD))(預購至9/28 12:00止),INI,YRBS80349,,,,2024-11-27,F
445465678947,2ND ARENA LIVE TOUR (READY TO POP!)IN KYOCERA DOMEOSAKA (日本進口初回限定版(3DVD))(預購至9/28 12:00止),INI,YRBS80346,,,,2024-11-27,F
445465678946,2ND ARENA LIVE TOUR (READY TO POP!)IN KYOCERA DOMEOSAKA (日本進口初回限定版(2Blu-ray))(預購至9/28 12:00止),INI,YRXS80072,,,,2024-11-27,F
445485678540,THE GREATEST UNKNOWN(日本進口完全生產限定盤(2枚組Analog record)(預購至11/11 12:00止),King Gnu,BVJL105,,,,2024-11-27,F
445485678734,(三版合購版)JAPAN 4TH SINGLE「消費期限」(日本進口Weverse Shop JAPAN),Seventeen,D2CE16158-WV,,Pledis Entertainment,日版進口,2024-11-27,F
445485678735,(初回限定A盤)JAPAN 4TH SINGLE「消費期限」(日本進口Weverse Shop JAPAN),Seventeen,POCS39051-WV,,Pledis Entertainment,日版進口,2024-11-27,F
445485678736,(初回限定B盤)JAPAN 4TH SINGLE「消費期限」(日本進口Weverse Shop JAPAN),Seventeen,POCS39052-WV,,Pledis Entertainment,日版進口,2024-11-27,F
445485678737,(通常盤)JAPAN 4TH SINGLE「消費期限」(日本進口Weverse Shop JAPAN),Seventeen,POCS30027-WV,,Pledis Entertainment,日版進口,2024-11-27,F
445485678866,(四版合購版)JAPAN 4TH SINGLE「消費期限」(日本進口Weverse Shop JAPAN),Seventeen,HYBJ05040-S,,Pledis Entertainment,日版進口,2024-11-27,F
445485678739,(Flash Price盤)JAPAN 4TH SINGLE「消費期限」(日本進口Weverse Shop JAPAN),Seventeen,POCS39053-WV,,Pledis Entertainment,日版進口,2024-11-27,F
445485678743,SEVENTEEN JAPAN 4TH SINGLE「消費期限」(CD+8P LYRIC BOOK)(一般通路版),Seventeen,POCS39053,4988031681732,Pledis Entertainment,日版進口,2024-11-27,F
445485678861,(CARAT盤)JAPAN 4TH SINGLE「消費期限」(日本進口Weverse Shop JAPAN),Seventeen,HYBJ05040,4571675460728,Pledis Entertainment,日版進口,2024-11-27,F
445485678860,NEWS 20th Anniversary LIVE 2023 in TOKYO DOME BESTHIT PARADE!!!～單曲全部唱一輪～ （普通版2DVD）,NEWS,STJDV570078,4719760206336,,avex,2024-11-22,F
445495678599,The Look of Life (日本進口版),fhana,COZX2136,,,,2024-11-20,F
445475678834,because (初回限定盤A-CD+DVD)環球官方進口(預購至10/23 12:00止),timelesz,OVCT19005,4988031684269,,環球,2024-11-20,F
445475678835,because (初回限定盤B-CD+DVD)環球官方進口(預購至10/23 12:00止),timelesz,OVCT19006,4988031684276,,環球,2024-11-20,F
445475678836,because (通常盤CD)環球官方進口(預購至10/23 12:00止),timelesz,OVCT15002,4988031684283,,環球,2024-11-20,F
445455679069,全曲集 柔 (日本進口盤),美空雲雀 Hibari Misora,COCP42371,4549767329734,,,2024-11-20,F
445455679259,島倉千代子 全曲集 2025 (日本進口版),島倉千代子,COCP42370,4549767329727,,,2024-11-20,F
445455679258,細川貴志 全曲集 2025 (日本進口版),細川貴志 HOSOKAWA TAKASHI,COCP42366,4549767329680,,,2024-11-20,F
445485678651,UMP(U版：初回限定版1-CD+DVD),Hey! Say! JUMP,STJSG27002A,4719760206343,SMILE-UP,avex,2024-11-14,F
445485678652,UMP(U版：初回限定版2-CD+DVD),Hey! Say! JUMP,STJSG27002B,4719760206350,SMILE-UP,avex,2024-11-14,F
445485678653,UMP (普通版(CD)),Hey! Say! JUMP,STJSG27002,4719760206367,SMILE-UP,avex,2024-11-14,F
445475678590,NEWS /黑白猜(艾迴日本進口初回盤A-CD+Blu-ray)(預購至10/17 12:00止),NEWS,LCCN0862863,4582515776619,,avex,2024-11-13,F
445475678591,NEWS /黑白猜(艾迴日本進口初回盤A-CD+DVD)(預購至10/17 12:00止),NEWS,LCCN0864865,4582515776626,,avex,2024-11-13,F
445475678592,NEWS /黑白猜(艾迴日本進口初回盤B-CD+Blu-ray)(預購至10/17 12:00止),NEWS,LCCN0866867,4582515776633,,avex,2024-11-13,F
445475678593,NEWS /黑白猜(艾迴日本進口初回盤B-CD+DVD)(預購至10/17 12:00止),NEWS,LCCN0868869,4582515776640,,avex,2024-11-13,F
445475678594,NEWS /黑白猜(艾迴日本進口通常盤初回PRESS(CD))(預購至10/17 12:00止),NEWS,LCCN0870,4582515776657,,avex,2024-11-13,F
445475678595,NEWS /黑白猜(艾迴日本進口通常盤(CD)),NEWS,LCCN0871,4582515776664,,avex,2024-11-13,F
445475679365,GPT -JAPANESE VER.- / Tell Me Now(初回限定盤(CD+DVD))(環球官方進口)(預購至11/07 12:00止),STAYC,UPCH89592,4988031679401,,環球,2024-11-13,F
445475679366,GPT -JAPANESE VER.- / Tell Me Now(通常盤)(環球官方進口)(預購至11/07 12:00止),STAYC,UPCH89593,4988031679418,,環球,2024-11-13,F
445475679367,GPT -JAPANESE VER.- / Tell Me Now (Solo盤 SUMIN盤)(環球官方進口)(預購至11/07 12:00止),STAYC,UPCH89594,4988031679432,,環球,2024-11-13,F
445475679368,GPT -JAPANESE VER.- / Tell Me Now (Solo盤 SIEUN盤)(環球官方進口)(預購至11/07 12:00止),STAYC,UPCH89595,4988031679449,,環球,2024-11-13,F
445475679369,GPT -JAPANESE VER.- / Tell Me Now (Solo盤 ISA盤)(環球官方進口)(預購至11/07 12:00止),STAYC,UPCH89596,4988031679456,,環球,2024-11-13,F
445475679371,GPT -JAPANESE VER.- / Tell Me Now (Solo盤 YOON盤)(環球官方進口)(預購至11/07 12:00止),STAYC,UPCH89598,4988031679470,,環球,2024-11-13,F
445475679370,GPT -JAPANESE VER.- / Tell Me Now (Solo盤 SEEUN盤)(環球官方進口)(預購至11/07 12:00止),STAYC,UPCH89597,4988031679463,,環球,2024-11-13,F
445475679372,GPT -JAPANESE VER.- / Tell Me Now (Solo盤 J盤)(環球官方進口)(預購至11/07 12:00止),STAYC,UPCH89599,4988031679487,,環球,2024-11-13,F
445475678549,GIANT (日本進口初回生產限定盤A-CD+Blu-ray)(預購至10/04 12:00止),Stray Kids,ESCL6024,,JYP Entertainment,日版進口,2024-11-13,F
445475678550,GIANT (日本進口初回生產限定盤B-CD+SPECIAL ZINE)(預購至10/04 12:00止),Stray Kids,ESCL6026,,JYP Entertainment,日版進口,2024-11-13,F
445475678551,GIANT (日本進口通常盤)(預購至10/04 12:00止),Stray Kids,ESCL6028,,JYP Entertainment,日版進口,2024-11-13,F
445485678511,星際浪漫前篇 (通常盤) 台壓,Perfume,7506183,602475061830,,環球,2024-11-08,F
445445679202,MISAMO JAPAN 2nd MINI ALBUM(專輯名稱未定)(日本進口初回限定SANA盤)(預購至9/6 12:00止)(一般通路版),MISAMO(TWICE),WPCL13612,4943674397808,JYP Entertainment,日版進口,2024-11-06,F
445445679203,MISAMO JAPAN 2nd MINI ALBUM(專輯名稱未定)(日本進口初回限定MOMO盤)(預購至9/6 12:00止)(一般通路版),MISAMO(TWICE),WPCL13613,4943674397815,JYP Entertainment,日版進口,2024-11-06,F
445445679204,MISAMO JAPAN 2nd MINI ALBUM(專輯名稱未定)(日本進口初回限定MINA盤)(預購至9/6 12:00止)(一般通路版),MISAMO(TWICE),WPCL13611,4943674397792,JYP Entertainment,日版進口,2024-11-06,F
445445679205,MISAMO JAPAN 2nd MINI ALBUM(專輯名稱未定)(日本進口通常盤)(預購至9/6 12:00止)(一般通路版),MISAMO(TWICE),WPCL13614,4943674397822,JYP Entertainment,日版進口,2024-11-06,F
445445679201,MISAMO JAPAN 2nd MINI ALBUM (專輯名稱未定)(日本進口初回限定豪華盤)(CD+DVD)(預購至9/6 12:00止)(一般通路版),MISAMO(TWICE),WPZL321689,4943674397785,JYP Entertainment,日版進口,2024-11-06,F
445465678798,Laundry (日本進口初回限定盤(CD+Blu-ray))(預購至9/25 12:00止),Penthouse,VIZL237149,4988002942046,,滾石,2024-11-06,F
445465678799,Laundry (日本進口通常盤)(預購至9/25 12:00止),Penthouse,VICL660159,4988002942053,,滾石,2024-11-06,F
445465678640,kibi(初回限定盤CD+DVD) 環球官方進口(預購至9/19 12:00止),上白石萌音,UPCH7694,4988031678817,,環球,2024-11-06,F
445465678641,kibi (通常盤) 環球官方進口(預購至9/19 12:00止),上白石萌音,UPCH2272,4988031678824,,環球,2024-11-06,F
445465678503,UNFAIR (日本進口版(CD))(預購至09/20 12:00止),中島美嘉 Mika Nakashima,AICL4620,,,,2024-11-06,F
445465678502,UNFAIR (日本進口期間生產限定盤(CD+Blu-ray))(預購至09/20 12:00止),中島美嘉 Mika Nakashima,AICL4621,4547366697841,,,2024-11-06,F
445445679121,ZONE (日本進口初回生產限定盤JACKET(A))(2CD+Blu-ray)(預購至9/17 12:00止),東方神起 TVXQ,AVCK43430B,4988064434305,S.M. Entertainment,日版進口,2024-11-06,F
445445679122,ZONE (日本進口通常盤JACKET(B))(2CD)(預購至9/17 12:00止),東方神起 TVXQ,AVCK43432,4988064434329,S.M. Entertainment,日版進口,2024-11-06,F
445445679122,ZONE (日本進口通常盤JACKET(B))(2CD)(預購至9/17 12:00止),東方神起 TVXQ,AVCK43432,4988064434329,S.M. Entertainment,日版進口,2024-11-06,F
445445679123,ZONE (日本進口初回生產限定盤20th豪華盤)(2CD+Blu-ray+GOODS)(預購至9/17 12:00止),東方神起 TVXQ,AVZK43426B,4988064434268,S.M. Entertainment,日版進口,2024-11-06,F
445465678489,We will (日本進口版)(預購至9/18 12:00止),團結 Band Kessoku Band,SVWC70677,,,,2024-11-06,F
445455679373,DEPARTURES / FREEDOM(2024日本進口限定LP盤)(7Inch single record)(預購至10/2 12:00止),globe,AQJD77660,,,,2024-11-03,F
445455679377,PPAP (日本進口限定LP盤)(7Inch single record)(預購至10/2 12:00止),PIKOTARO,AQJD77663,,,,2024-11-03,F
445455679381,Yeah！/長假 (日本進口限定LP盤) (7Inch single record)(預購至10/2 12:00止),松浦亞彌,RECOTAI0013,,,,2024-11-03,F
445455679379,不能成為夢想中的少女(日本進口限定LP盤)(7Inch single record)(預購至10/2 12:00止),相川七瀨,AVJD32303,,,,2024-11-03,F
445455679376,Cutie Honey (日本進口限定LP盤)(7Inch single record)(預購至10/02 12:00止),倖田來未,RZJD67108,4988064671083,,,2024-11-03,F
445455679380,月光 (日本進口限定LP盤) (7Inch single record)((預購至10/2 12:00止),鬼束千尋,PROT7301,,,,2024-11-03,F
445455679378,BE TOGETHER / love the island(日本進口限定LP盤)(7Inch single record)(預購至10/2 12:00止),鈴木亞美,AQJD77662,4642114776625,,,2024-11-03,F
445485679122,睡美人(黑膠7吋LP)(日本進口版),齊藤由貴,PCKA00025,4524135199201,,,2024-11-03,F
445475679273,櫻日和與時光機 with 初音未來/初夏(通常盤),Ado,7511393,602475113935,,環球,2024-11-01,F
445475679272,HYDE (INSIDE) (通常盤),HYDE,5587954,602455879547,,環球,2024-11-01,F
445475679466,5-STAR Dome Tour 2023 (索尼日本進口完全生產限定盤(2Blu-ray)),Stray Kids,ESXL-311,4547366689969,JYP Entertainment,SONY MUSIC,2024-11-01,F
445475679467,5-STAR Dome Tour 2023 (索尼日本進口通常盤(Blu-ray)),Stray Kids,ESXL-313,4547366689952,JYP Entertainment,SONY MUSIC,2024-11-01,F
445475679468,THE BOOK (Pink Vinyl仕樣/Analog record)(索尼日本進口版),YOASOBI,XSJL-3,4580128897530,,SONY MUSIC,2024-11-01,F
445475679469,THE BOOK 2 (Green Vinyl仕樣/Analog record)(索尼日本進口版),YOASOBI,XSJL-4,4580128897547,,SONY MUSIC,2024-11-01,F
445475679470,THE BOOK 3 (Yellow Vinyl仕樣/Analog record)(索尼日本進口版),YOASOBI,XSJL-5,4580128897554,,SONY MUSIC,2024-11-01,F
445475679274,愚公移心移到海馬迴(通常盤),永遠是深夜有多好。,7515864,602475158646,,環球,2024-11-01,F
445455678756,Nebula romance 前篇(日本進口初回限定盤(CD+Blu-ray))(預購至9/5 12:00止),Perfume,UPCP9038,,,,2024-10-30,F
445455678757,Nebula romance 前篇(日本進口初回限定盤(CD+DVD))(預購至8/20 12:00止),Perfume,UPCP9039,,,,2024-10-30,F
445455678758,Nebula romance 前篇(環球官方進口通常盤(CD))(預購至9/5 12:00止),Perfume,UPCP1010,4988031675892,,環球,2024-10-30,F
445455679292,Nebula romance 前篇(環球官方進口初回限定盤(CD+DVD))(預購至9/5 12:00止),Perfume,UPCP-9039,4988031675885,,環球,2024-10-30,F
445455679252,RAYS (日本進口初回盤A-CD+2DVD)(預購至8/30 12:00止),Snow Man,JWCD98651,4595986986517,SMILE-UP,avex,2024-10-30,F
445455679253,RAYS (日本進口初回盤A-CD+Blu-ray)(預購至8/30 12:00止),Snow Man,JWCD98652,4595986986524,SMILE-UP,avex,2024-10-30,F
445455679254,RAYS (日本進口初回盤B-CD+DVD)(預購至8/30 12:00止),Snow Man,JWCD98653,4595986986531,SMILE-UP,avex,2024-10-30,F
445455679256,RAYS (日本進口通常盤)(預購至8/30 12:00止),Snow Man,JWCD98655,4595986986555,SMILE-UP,avex,2024-10-30,F
445455679255,RAYS (日本進口初回盤B-CD+Blu-ray)(預購至8/30 12:00止),Snow Man,JWCD98654,4595986986548,SMILE-UP,avex,2024-10-30,F
445465678536,Unstoppable (日本進口初回生產限定盤)(預購至9/20 12:00止),SooYoung(少女時代),AVCD61475,4988064614752,,,2024-10-30,F
445465678537,Unstoppable (日本進口版(CD+Blu-ray))(預購至9/20 12:00止),SooYoung(少女時代),AVCD61476B,4988064614769,,,2024-10-30,F
445465678552,Unstoppable (日本進口通常盤)(預購至9/20 12:00止),SooYoung(少女時代),AVCD61477,4988064614776,,,2024-10-30,F
445455679059,專輯標題未定(環球官方進口初回生產限定盤CD+Blu-ray）(預購至9/20 12:00止),WurtS,UPCH29478,4988031671580,,環球,2024-10-30,F
445455679060,專輯標題未定(環球官方進口通常盤）(預購至9/20 12:00止),WurtS,UPCH20680,4988031671597,,環球,2024-10-30,F
445475679225,Sign (索尼進口初回生產限定盤CD+BD),Aimer,VVCL2554,4547366694567,,SONY MUSIC,2024-10-25,F
445475679226,Sign (索尼進口通常盤),Aimer,VVCL2556,4547366694581,,SONY MUSIC,2024-10-25,F
445475679229,Sign (索尼進口期間生產限定盤CD+BD),Aimer,VVCL2557,4547366694574,,SONY MUSIC,2024-10-25,F
445475679221,Monotone (索尼進口完全生產限定盤CD+Booklet),YOASOBI,XSCL98,4580128897837,,SONY MUSIC,2024-10-25,F
445465678636,櫻日和AND TIME MACHINE WITH 初音未來/還說不出口(環球官方進口初回限定盤)(預購至9/19 12:00止),Ado,TYCT-39261,4988031678435,,環球,2024-10-24,F
445465678637,櫻日和AND TIME MACHINE WITH 初音未來/還說不出口(環球官方進口初回限定盤)(預購至9/19 12:00止),Ado,TYCT-39262,4988031678442,,環球,2024-10-24,F
445465678638,櫻日和AND TIME MACHINE WITH 初音未來/還說不出口(環球官方進口通常盤)(預購至9/19 12:00止),Ado,TYCT-39263,4988031678459,,環球,2024-10-24,F
445465678493,櫻日和AND TIME MACHINE WITH 初音未來/還說不出口(日本進口版)(預購至9/15 12:00止),Ado,TYCT39264,,,,2024-10-24,F
445465678636,櫻日和AND TIME MACHINE WITH 初音未來/還說不出口(環球官方進口初回限定盤)(預購至9/19 12:00止),Ado,TYCT-39261,4988031678435,,環球,2024-10-24,F
445465678637,櫻日和AND TIME MACHINE WITH 初音未來/還說不出口(環球官方進口初回限定盤)(預購至9/19 12:00止),Ado,TYCT-39262,4988031678442,,環球,2024-10-24,F
445465678638,櫻日和AND TIME MACHINE WITH 初音未來/還說不出口(環球官方進口通常盤)(預購至9/19 12:00止),Ado,TYCT-39263,4988031678459,,環球,2024-10-24,F
445465678639,櫻日和AND TIME MACHINE WITH 初音未來/還說不出口(環球官方進口版)(預購至9/19 12:00止),Ado,TYCT-39264,4988031678466,,環球,2024-10-24,F
445465678518,THE BOOK 3 (Yellow Vinyl仕樣/Analog record)(日本進口版)(預購至9/12 12:00止),YOASOBI,XSJL5,,,,2024-10-23,F
445465678519,THE BOOK 2 (Green Vinyl仕樣/Analog record)(日本進口版)(預購至9/12 12:00止),YOASOBI,XSJL4,,,,2024-10-23,F
445465678517,THE BOOK (Pink Vinyl仕樣/Analog record)(日本進口版)(預購至9/12 12:00止),YOASOBI,XSJL3,,,,2024-10-23,F
445465678634,KOKE NO ICHINEN KAIBA NI TAKUSU(環球官方進口初回限定版2CD)(預購至9/19 12:00止),永遠是深夜有多好。,UPCH-29480,4988031680711,,環球,2024-10-23,F
445465678635,KOKE NO ICHINEN KAIBA NI TAKUSU(環球官方進口通常版CD)(預購至9/19 12:00止),永遠是深夜有多好。,UPCH-20685,4988031680728,,環球,2024-10-23,F
445455679326,KOKE NO ICHINEN KAIBA NI TAKUSU(日本進口初回限定版2CD)(預購至9/2 12:00止),永遠是深夜有多好。,UPCH29480,,,,2024-10-23,F
445455679327,KOKE NO ICHINEN KAIBA NI TAKUSU(日本進口通常版CD)(預購至9/2 12:00止),永遠是深夜有多好。,UPCH20685,,,,2024-10-23,F
445455679071,舟木一夫全曲集 2025 (日本進口版),舟木一夫 Funaki Kazuo,COCP42363,4549767329659,,,2024-10-23,F
445455679072,都春美 全曲集 2025,都春美 Miyako Harumi,COCP42364,4549767329666,,,2024-10-23,F
445455679290,HYDE (INSIDE) (環球官方進口)(預購至9/5 12:00止),HYDE,UICV-1169,4988031678398,,環球,2024-10-16,F
445455679102,HYDE (INSIDE) (環球進口初回限定盤CD+Blu-ray)(預購至9/5 12:00止),HYDE,UICV9369,4988031678381,,環球,2024-10-16,F
445455679103,HYDE (INSIDE) (日本進口版)(預購至8/22 12:00止),HYDE,UICV1169,,,,2024-10-16,F
445465679116,MAZQUERADE【MUSIC VIDEO】（CD＋DVD）環球官方進口(預購至10/03 中午12:00止),MAZZEL,UMCB59004,4988031677827,,環球,2024-10-16,F
445465679117,MAZQUERADE【SHOWCASE盤】（CD＋DVD）環球官方進口(預購至10/03 中午12:00止),MAZZEL,UMCB59005,4988031677834,,環球,2024-10-16,F
445465679118,MAZQUERADE【通常盤】環球官方進口(預購至10/03 中午12:00止),MAZZEL,UMCB59006,4988031677841,,環球,2024-10-16,F
445455678713,Precious Days (日本進口通常盤)(預購至8/31 12:00止),竹內瑪莉亞 Mariya Takeuchi,WPCL13607,,,,2024-10-16,F
445445678862,Precious Days (日本進口CD+Blu-ray Deluxe盤)(預購至8/31 12:00止),竹內瑪莉亞 Mariya Takeuchi,WPZL32154,4943674395651,,,2024-10-16,F
445475678708,Black Box (索尼官方進口初回生產限定盤CD+GOODS),LiSA,VVCL2540,4547366691412,,SONY MUSIC,2024-10-11,F
445475678709,Black Box (索尼官方進口),LiSA,VVCL2542,4547366691429,,SONY MUSIC,2024-10-11,F
445475678710,Black Box (索尼官方進口期間生產限定盤(CD+Blu-ray)),LiSA,VVCL2543,4547366691436,,SONY MUSIC,2024-10-11,F
445475678707,Homunculus/Gift (索尼官方進口完全生產限定盤),Vaundy,VVCV14,4547366695809,,SONY MUSIC,2024-10-11,F
445435678629,Re: Kessoku Band(索尼官方進口),團結 Band Kessoku Band,SVWC70668,4534530151988,,SONY MUSIC,2024-10-11,F
445455679298,Back To The Pops (日本進口版CD+DVD)(預購至9/9 12:00止),GLAY,PCCN00063,4524135203984,,,2024-10-09,F
445455679299,Back To The Pops (日本進口版)(預購至9/9 12:00止),GLAY,PCCN00064,4524135203991,,,2024-10-09,F
445445678491,Dome Tour THE GREATEST UNKNOWN at TOKYO DOME(索尼官方進口完全生產限定盤)(Blu-ray+CD+148P PHOTO BOOK),King Gnu,BVXL130,4547366688214,,SONY MUSIC,2024-10-04,F
445445678492,Dome Tour THE GREATEST UNKNOWN at TOKYO DOME(索尼官方進口通常盤)(Blu-ray+CD),King Gnu,BVXL133,4547366688221,,SONY MUSIC,2024-10-04,F
445475678511,SixTONES / GONG/Kokoni Kaettekite (索尼進口初回盤A),SixTONES,SECJ93,4547366683851,,SONY MUSIC,2024-10-04,F
445475678512,SixTONES / GONG/Kokoni Kaettekite (索尼進口初回盤B),SixTONES,SECJ95,4547366683868,,SONY MUSIC,2024-10-04,F
445475678513,SixTONES / GONG/Kokoni Kaettekite (索尼進口通常盤),SixTONES,SECJ97,4547366683875,,SONY MUSIC,2024-10-04,F
445475678516,SixTONES / 音色(索尼官方進口初回盤A),SixTONES,SECJ88,4547366675962,,SONY MUSIC,2024-10-04,F
445475678517,SixTONES / 音色(索尼官方進口初回盤B),SixTONES,SECJ90,4547366675979,,SONY MUSIC,2024-10-04,F
445475678519,SixTONES / 音色(索尼官方進口通常盤),SixTONES,SECJ92,4547366675986,,SONY MUSIC,2024-10-04,F
445475678521,SixTONES 慣聲的法則 in DOME(索尼官方進口初回盤)(2Blu-ray Disc+Photobook),SixTONES,SEXJ13,4547366645798,,SONY MUSIC,2024-10-04,F
444485679045,SixTONES THE VIBES (索尼官方進口初回盤A(CD+Blu-ray)),SixTONES,SECJ79,4547366654974,,SONY MUSIC,2024-10-04,F
444485679049,SixTONES THE VIBES (索尼官方進口普通盤CD),SixTONES,SECJ87,4547366655018,,SONY MUSIC,2024-10-04,F
445475678521,SixTONES 慣聲的法則 in DOME(索尼官方進口初回盤)(2Blu-ray Disc+Photobook),SixTONES,SEXJ13,4547366645798,,SONY MUSIC,2024-10-04,F
445465679330,戀愛之光 (初回限定版1-CD+DVD),浪花男子,STJSG27001A,4719760206305,SMILE-UP,avex,2024-10-04,F
445465679331,戀愛之光 (初回限定版2-CD+DVD),浪花男子,STJSG27001B,4719760206312,SMILE-UP,avex,2024-10-04,F
445465679332,戀愛之光 (普通盤CD),浪花男子,STJSG27001,4719760206329,SMILE-UP,avex,2024-10-04,F
445425679324,放生會  (環球官方初回生產限定盤(2LP))(預購至6/15 12:00止),椎名林檎,UPJH20064,4988031654743,,環球,2024-10-02,F
445465678632,timelesz(Limited Edition(初回限定盤))（CD+DVD）環球官方進口(預購至9/19 12:00止),timelesz,OVCT19004,4988031649046,,環球,2024-09-30,F
445465678633,timelesz(Standard Edition(通常盤))環球官方進口(預購至9/19 12:00止),timelesz,OVCT11001,4988031649053,,環球,2024-09-30,F
445465678631,timelesz【Deluxe Edition(數量限定豪華盤)（CD+DVD+GOODS）環球官方進口(預購至9/19 12:00止),timelesz,OVCT19003,4988031649039,,環球,2024-09-30,F
445455678832,Epic Narratives (完全生產限定盤CD+Blu-ray+LIVE PHOTOBOOK)(日本進口版)(預購至8/31 12:00止),BAND-MAID,PCCA06328,,,,2024-09-25,F
445455678835,Epic Narratives (日本進口通常盤CD)(預購至8/31 12:00止),BAND-MAID,PCCA06330,4524135197528,,,2024-09-25,F
445455678834,Epic Narratives (日本進口初回生產限定盤CD+DVD)(預購至8/31 12:00止),BAND-MAID,PCCA06329,,,,2024-09-25,F
445485678541,flower rhapsody,Sakura Miko,HOLO012,4571646502020,,,2024-09-25,F
445455679372,冒險者們/ 柊(日本進口LP盤(7 inch single record))(預購至 9/13 12:00止),大無限樂團 Do As Infinity,AQJH77665,,,,2024-09-25,F
445455679300,EP 「仕事」,格式塔少女 Gestalt Girl,,4988044844650,,空氣腦,2024-09-25,F
445455679247,WONDER BOY‘S AKUMU CLUB（2LP）(環球官方進口)(預購至8/29 12:00止),野田洋次郎,UPJH20066,4988031664452,,環球,2024-09-25,F
445455679248,WONDER BOY‘S AKUMU CLUB (環球官方進口初回限定盤CD＋T-shirt）(預購至8/29 12:00止),野田洋次郎,UPCH29476,4988031664438,,環球,2024-09-25,F
445455679249,WONDER BOY‘S AKUMU CLUB(環球官方進口通常盤)(預購至8/29 12:00止),野田洋次郎,UPCH20677,4988031664445,,環球,2024-09-25,F
445455679202,Hey! Say! JUMP / 「UMP」U盤(艾迴進口初回限定盤1-CD＋Blu-ray)(預購至8/27 12:00止),Hey! Say! JUMP,LCCA6154155,4582515776329,SMILE-UP,avex,2024-09-24,F
445455679207,Hey! Say! JUMP / 「UMP」U盤(艾迴進口初回限定盤1-CD＋DVD)(預購至8/27 12:00止),Hey! Say! JUMP,LCCA6156157,4582515776343,SMILE-UP,avex,2024-09-24,F
445455679208,Hey! Say! JUMP / 「UMP」M盤(艾迴進口初回限定盤2-CD＋Blu-ray)(預購至8/27 12:00止),Hey! Say! JUMP,LCCA6158159,4582515776367,SMILE-UP,avex,2024-09-24,F
445455679210,Hey! Say! JUMP / 「UMP」M盤(艾迴進口初回限定盤2-CD＋DVD)(預購至8/27 12:00止),Hey! Say! JUMP,LA6160CC161,4582515776381,SMILE-UP,avex,2024-09-24,F
445455679212,Hey! Say! JUMP / 「UMP」(艾迴進口通常盤CD)(預購至8/27 12:00止),Hey! Say! JUMP,LCCA6163,4582515776411,SMILE-UP,avex,2024-09-24,F
445445678969,SINGLE 2 (日本進口初回限定「SINGLE 1 TOUR」盤)(CD+DVD)(預購至8/5 12:00止),[Alexandros],UPCH7688,,,,2024-09-18,F
445445678970,SINGLE 2 (日本進口初回限定「SINGLE 1 TOUR」盤)(CD+Blu-ray)(預購至8/5 12:00止),[Alexandros],UPCH7689,,,,2024-09-18,F
445445678971,SINGLE 2 (日本進口通常盤(CD))(預購至8/5 12:00止),[Alexandros],UPCH6034,,,,2024-09-18,F
445475678794,NEW KAWAII 【初回限定盤 】日本進口版,FRUITS ZIPPER,KLF10009,4582467323459,,,2024-09-18,F
445445678902,Soranotobikata 30th Anniversary Edition(日本進口初回限定盤)(SHM-CD+Blu-ray)(預購至7/31 12:00止),SPITZ,UPCH7679,,,,2024-09-18,F
445425679343,5-STAR Dome Tour 2023 (日本進口完全生產限定盤(2Blu-ray))(預購至7/05 12:00止),Stray Kids,ESXL311,,JYP Entertainment,日版進口,2024-09-18,F
445425679344,5-STAR Dome Tour 2023 (日本進口通常盤初回仕樣(Blu-ray))(預購至7/5 12:00止),Stray Kids,ESXL313,,JYP Entertainment,日版進口,2024-09-18,F
445455678805,TMG II (日本進口數量限定生產盤CD+GOODS)(預購至8/31 12:00止),TMG (Tak Matsumoto Group),BMCS8017,,,,2024-09-18,F
445455678806,TMG II (日本進口PREMIUM EDITION(CD+Blu-ray))(預購至8/31 12:00止),TMG (Tak Matsumoto Group),BMCS8018,,,,2024-09-18,F
445455678807,TMG II (日本進口通常盤)(預購至8/31 12:00止),TMG (Tak Matsumoto Group),BMCS8019,,,,2024-09-18,F
445445678904,Love Again (日本進口初回生產限定盤(CD+DVD)(預購至8/22 12:00止),西野加奈 Kana Nishino,SECL2994,4547366692068,,,2024-09-18,F
445445678905,Love Again (日本進口通常盤)(預購至8/22 12:00止),西野加奈 Kana Nishino,SECL2996,,,,2024-09-18,F
445445678973,Live「Tsuki to Neko no Dance」(Blu-ray初回限定盤)(環球官方進口)(預購至7/24 12:00止),夜未眠 Yorushika,UPXH9037,4988031653210,,環球,2024-09-18,F
445445678980,Live「Tsuki to Neko no Dance」(DVD初回限定盤)(環球官方進口)(預購至7/24 12:00止),夜未眠 Yorushika,UPBH9577,4988031653227,,環球,2024-09-18,F
445445678981,Live「Tsuki to Neko no Dance」(Blu-ray通常盤)(環球官方進口)(預購至7/24 12:00止),夜未眠 Yorushika,UPXH1090,4988031653234,,環球,2024-09-18,F
445445678986,Live「Tsuki to Neko no Dance」(DVD通常盤)(環球官方進口)(預購至7/24 12:00止),夜未眠 Yorushika,UPBH1517,4988031653241,,環球,2024-09-18,F
445455679375,虹色/感謝之輪(日本進口限定LP盤)(7Inch single record)(預購至9/5 12:00止),絢香,AQJH77653,,,,2024-09-18,F
445455678825,ayumi hamasaki COUNTDOWN LIVE 2023-2024 A ～ACOMPLETE 25～(日本進口版(Blu-ray))(預購至8/31 12:00止),濱崎步 Ayumi Hamasaki,AVXD27789,,,,2024-09-18,F
445485679124,(Caller版)第二張迷你專輯「STAY TUNED」(韓國進口版),SEVENUS,VDCD7169,8809957310857,,韓國進口版,2024-12-09,M
445485679125,(Responder版)第二張迷你專輯「STAY TUNED」(韓國進口版),SEVENUS,VDCD7169,8809957310857,,韓國進口版,2024-12-09,M
445495678504,(Ktown4u線上抽卡)第七張迷你專輯「I SWAY」(韓國進口版),(G)I-DLE,L200002993K43,,Cube Entertainment,,2024-12-09,M
445475679193,(隨機版)第十四張迷你專輯「STRATEGY(Step4 ver.)」(韓國進口版),Twice,JYPK1888,8809954228285,JYP Entertainment,,2024-12-06,M
445475679194,(九版合購版)第十四張迷你專輯「STRATEGY(Step4 ver.)」(韓國進口版),Twice,JYPK1888-S,,JYP Entertainment,,2024-12-06,M
445475679195,第十四張迷你專輯「STRATEGY(Highlight ver.)」(韓國進口版),Twice,JYPK1889,8809954228292,JYP Entertainment,,2024-12-06,M
445475679198,(JYP官網/三版合購版)第十四張迷你專輯「STRATEGY」(韓國進口版),Twice,JYPK1887O-S,,JYP Entertainment,,2024-12-06,M
445475679199,(JYP官網/Step1版)第十四張迷你專輯「STRATEGY」(韓國進口版),Twice,JYPK1887O,,JYP Entertainment,,2024-12-06,M
445475679200,(JYP官網/Step2版)第十四張迷你專輯「STRATEGY」(韓國進口版),Twice,JYPK1887O,,JYP Entertainment,,2024-12-06,M
445475679201,(JYP官網/Step3版)第十四張迷你專輯「STRATEGY」(韓國進口版),Twice,JYPK1887O,,JYP Entertainment,,2024-12-06,M
445475679203,(JYP官網/九版合購版)第十四張迷你專輯「STRATEGY(Step4 ver.)」(韓國進口版),Twice,JYPK1888O-S,,JYP Entertainment,,2024-12-06,M
445475679204,(JYP官網/隨機版)第十四張迷你專輯「STRATEGY(Step4 ver.)」(韓國進口版),Twice,JYPK1888O,,JYP Entertainment,,2024-12-06,M
445475679209,(APPLEMUSIC/隨機版)第十四張迷你專輯「STRATEGY」(韓國進口版),Twice,JYPK1887-AM,,JYP Entertainment,,2024-12-06,M
445475679210,(APPLEMUSIC/隨機版)第十四張迷你專輯「STRATEGY(Step4 ver.)」(韓國進口版),Twice,JYPK1888-AM,,JYP Entertainment,,2024-12-06,M
445475679211,(WITHMUU/隨機版)第十四張迷你專輯「STRATEGY」(韓國進口版),Twice,JYPK1887-WM,,JYP Entertainment,,2024-12-06,M
445475679212,(WITHMUU/隨機版)第十四張迷你專輯「STRATEGY(Step4 ver.)」(韓國進口版),Twice,JYPK1888-WM,,JYP Entertainment,,2024-12-06,M
445475679213,(MUSICPLANT/隨機版)第十四張迷你專輯「STRATEGY」(韓國進口版),Twice,JYPK1887-MP,,JYP Entertainment,,2024-12-06,M
445475679214,(MUSICPLANT/隨機版)第十四張迷你專輯「STRATEGY(Step4 ver.)」(韓國進口版),Twice,JYPK1888-MP,,JYP Entertainment,,2024-12-06,M
445475679215,(MUSICKOREA/隨機版)第十四張迷你專輯「STRATEGY」(韓國進口版),Twice,JYPK1887-MK,,JYP Entertainment,,2024-12-06,M
445475679216,(MUSICKOREA/隨機版)第十四張迷你專輯「STRATEGY(Step4 ver.)」(韓國進口版),Twice,JYPK1888-MK,,JYP Entertainment,,2024-12-06,M
445475679217,(BDM/隨機版)第十四張迷你專輯「STRATEGY」(韓國進口版),Twice,JYPK1887-B,,JYP Entertainment,,2024-12-06,M
445475679218,(BDM/隨機版)第十四張迷你專輯「STRATEGY(Step4 ver.)」(韓國進口版),Twice,JYPK1888-B,,JYP Entertainment,,2024-12-06,M
445475679181,(Step2版)第十四張迷你專輯「STRATEGY」(韓國進口版),Twice,JYPK1887,8809954228278,JYP Entertainment,,2024-12-06,M
445475679182,(Step3版)第十四張迷你專輯「STRATEGY」(韓國進口版),Twice,JYPK1887,8809954228278,JYP Entertainment,,2024-12-06,M
445475679183,(隨機版)第十四張迷你專輯「STRATEGY」(韓國進口版),Twice,JYPK1887-R,,JYP Entertainment,,2024-12-06,M
445475679184,(子瑜版)第十四張迷你專輯「STRATEGY(Step4 ver.)」(韓國進口版),Twice,JYPK1888-1,,JYP Entertainment,,2024-12-06,M
445475679185,(娜璉版)第十四張迷你專輯「STRATEGY(Step4 ver.)」(韓國進口版),Twice,JYPK1888-2,,JYP Entertainment,,2024-12-06,M
445475679186,(Sana版)第十四張迷你專輯「STRATEGY(Step4 ver.)」(韓國進口版),Twice,JYPK1888-3,,JYP Entertainment,,2024-12-06,M
445475679187,(Mina版)第十四張迷你專輯「STRATEGY(Step4 ver.)」(韓國進口版),Twice,JYPK1888-4,,JYP Entertainment,,2024-12-06,M
445475679188,(Momo版)第十四張迷你專輯「STRATEGY(Step4 ver.)」(韓國進口版),Twice,JYPK1888-5,,JYP Entertainment,,2024-12-06,M
445475679189,(多賢版)第十四張迷你專輯「STRATEGY(Step4 ver.)」(韓國進口版),Twice,JYPK1888-6,,JYP Entertainment,,2024-12-06,M
445475679190,(彩瑛版)第十四張迷你專輯「STRATEGY(Step4 ver.)」(韓國進口版),Twice,JYPK1888-7,,JYP Entertainment,,2024-12-06,M
445475679191,(志效版)第十四張迷你專輯「STRATEGY(Step4 ver.)」(韓國進口版),Twice,JYPK1888-8,,JYP Entertainment,,2024-12-06,M
445475679192,(定延版)第十四張迷你專輯「STRATEGY(Step4 ver.)」(韓國進口版),Twice,JYPK1888-9,,JYP Entertainment,,2024-12-06,M
445475679179,(三版合購版)第十四張迷你專輯「STRATEGY」(韓國進口版),Twice,JYPK1887-S,,JYP Entertainment,,2024-12-06,M
445475679180,(Step1版)第十四張迷你專輯「STRATEGY」(韓國進口版),Twice,JYPK1887,8809954228278,JYP Entertainment,,2024-12-06,M
445485679205,(Step1版)第十四張迷你專輯「STRATEGY(Platform_Nemo ver.)」(韓國進口版),Twice,JYPK1944,8809954228841,JYP Entertainment,,2024-12-06,M
445485679206,(Step2版)第十四張迷你專輯「STRATEGY(Platform_Nemo ver.)」(韓國進口版),Twice,JYPK1944,8809954228841,JYP Entertainment,,2024-12-06,M
445485679207,(Step3版)第十四張迷你專輯「STRATEGY(Platform_Nemo ver.)」(韓國進口版),Twice,JYPK1944,8809954228841,JYP Entertainment,,2024-12-06,M
445485679208,(隨機版)第十四張迷你專輯「STRATEGY(Platform_Nemo ver.)」(韓國進口版),Twice,JYPK1944-R,,JYP Entertainment,,2024-12-06,M
445485679206,(Step2版)第十四張迷你專輯「STRATEGY(Platform_Nemo ver.)」(韓國進口版),Twice,JYPK1944,8809954228841,JYP Entertainment,,2024-12-06,M
445485679207,(Step3版)第十四張迷你專輯「STRATEGY(Platform_Nemo ver.)」(韓國進口版),Twice,JYPK1944,8809954228841,JYP Entertainment,,2024-12-06,M
445485679208,(隨機版)第十四張迷你專輯「STRATEGY(Platform_Nemo ver.)」(韓國進口版),Twice,JYPK1944-R,,JYP Entertainment,,2024-12-06,M
445485679209,(三版合購版)第十四張迷你專輯「STRATEGY(Platform_Nemo ver.)」(韓國進口版),Twice,JYPK1944-S,,JYP Entertainment,,2024-12-06,M
445485678806,單曲「FIND THE ORBIT(REMEMBER ver.)」(韓國進口版),CRAVITY,L100006000,8804775452468,STARSHIP Entertainment,,2024-12-06,M
445485678807,單曲「FIND THE ORBIT(WE ver.)」(韓國進口版),CRAVITY,L100006003,8804775452574,STARSHIP Entertainment,,2024-12-06,M
445485678808,單曲「FIND THE ORBIT(PLVE ver.)」(韓國進口版),CRAVITY,L200003148,8804775452475,STARSHIP Entertainment,,2024-12-06,M
445485678809,(官網/WHO版)單曲「FIND THE ORBIT」(韓國進口版),CRAVITY,L100005999O,,STARSHIP Entertainment,,2024-12-06,M
445485678810,(官網/ARE版)單曲「FIND THE ORBIT」(韓國進口版),CRAVITY,L100005999O,,STARSHIP Entertainment,,2024-12-06,M
445485678811,(官網/REMEMBER版)單曲「FIND THE ORBIT」(韓國進口版),CRAVITY,L100006000O,,STARSHIP Entertainment,,2024-12-06,M
445485678812,(官網/WE版)單曲「FIND THE ORBIT」(韓國進口版),CRAVITY,L100006003O,,STARSHIP Entertainment,,2024-12-06,M
445485678813,(官網/三版合購版)單曲「FIND THE ORBIT」(韓國進口版),CRAVITY,L100005999O-S,,STARSHIP Entertainment,,2024-12-06,M
445485678814,(官網/四版合購版)單曲「FIND THE ORBIT」(韓國進口版),CRAVITY,L100005999OS4,,STARSHIP Entertainment,,2024-12-06,M
445485678803,(WHO版)單曲「FIND THE ORBIT」(韓國進口版),CRAVITY,L100005999,8804775452451,STARSHIP Entertainment,,2024-12-06,M
445485678804,(ARE版)單曲「FIND THE ORBIT」(韓國進口版),CRAVITY,L100005999,8804775452451,STARSHIP Entertainment,,2024-12-06,M
445485678805,(隨機版)單曲「FIND THE ORBIT」(韓國進口版),CRAVITY,L100005999-R,,STARSHIP Entertainment,,2024-12-06,M
445485679060,出道20週年紀念專輯「With」(韓國進口版),李昇基 Lee Seung Gi,L200003154,8804775452598,,韓國進口版,2024-12-05,M
445485678729,(WEVERSE日本官網/隨機版)第一張單曲「Last Bell(COMPACT Ver.)」(日本進口版),TWS,HYBJ11008-WV,,,,2024-12-03,M
445485678561,(WEVERSE日本官網)第一張單曲「Last Bell(Main Ver.)」(日本進口版),TWS,HYBJ11006-WV,,,,2024-12-03,M
445485679278,單曲「When Winter Comes」(韓國進口KIT智能卡),M.O.N.T,KTMCD1303,8809314516342,,韓國進口版,2024-12-03,M
445485678683,致我的解離-電視原聲帶(韓國進口版),,KTMCD1297,8809314516304,,韓國進口版,2024-12-03,M
445485678888,(限量版卡帶)第七張迷你專輯「The Star Chapter: SANCTUARY(Cassette Tape Speaker Ver.)」(韓國進口版),TXT,BHE0505,8800276474053,Big Hit Entertainment,,2024-11-29,M
445485679032,第六張迷你專輯「Letter To Myself(SMini Ver.)」(韓國進口版),太妍(少女時代) Taeyeon(Girls` Generation),L700001498,8804775452659,S.M. Entertainment,,2024-11-29,M
445485679033,第六張迷你專輯「Letter To Myself(Gumbook Ver.)」(韓國進口版),太妍(少女時代) Taeyeon(Girls` Generation),L700001499,8804775452666,S.M. Entertainment,,2024-11-29,M
445485678920,(WEVERSE版)第一張正規專輯「COLORS(Color Swatch Book ver.)」(韓國進口版),圭賢 KyuHyun(Super Junior),L200003150-WV,,,韓國進口版,2024-11-28,M
445485678921,(WEVERSE版)第一張正規專輯「COLORS(KYUMAE ver.)」(韓國進口版),圭賢 KyuHyun(Super Junior),L200003151-WV,,,韓國進口版,2024-11-28,M
445485678922,(WEVERSE版)第一張正規專輯「COLORS(Photo Book ver.)」(韓國進口版),圭賢 KyuHyun(Super Junior),L200003149-WV,,,韓國進口版,2024-11-28,M
445485678923,(YES24版)第一張正規專輯「COLORS(Color Swatch Book ver.)」(韓國進口版),圭賢 KyuHyun(Super Junior),L200003150-YS,,,韓國進口版,2024-11-28,M
445485678924,(YES24版)第一張正規專輯「COLORS(KYUMAE ver.)」(韓國進口版),圭賢 KyuHyun(Super Junior),L200003151-YS,,,韓國進口版,2024-11-28,M
445485678925,(YES24版)第一張正規專輯「COLORS(Photo Book ver.)」(韓國進口版),圭賢 KyuHyun(Super Junior),L200003149-YS,,,韓國進口版,2024-11-28,M
445485678926,(Ktown4u版)第一張正規專輯「COLORS(Color Swatch Book ver.)」(韓國進口版),圭賢 KyuHyun(Super Junior),L200003150-K4,,,韓國進口版,2024-11-28,M
445485678927,(Ktown4u版)第一張正規專輯「COLORS(KYUMAE ver.)」(韓國進口版),圭賢 KyuHyun(Super Junior),L200003151-K4,,,韓國進口版,2024-11-28,M
445485678928,(Ktown4u版)第一張正規專輯「COLORS(Photo Book ver.)」(韓國進口版),圭賢 KyuHyun(Super Junior),L200003149-K4,,,韓國進口版,2024-11-28,M
445485678877,第一張正規專輯「COLORS(Color Swatch Book ver.)」(韓國進口版),圭賢 KyuHyun(Super Junior),L200003150,8804775452529,,韓國進口版,2024-11-28,M
445485678878,第一張正規專輯「COLORS(KYUMAE ver.)」(韓國進口版),圭賢 KyuHyun(Super Junior),L200003151,8804775452536,,韓國進口版,2024-11-28,M
445485678879,第一張正規專輯「COLORS(Photo Book ver.)」(韓國進口版),圭賢 KyuHyun(Super Junior),L200003149,8804775452512,,韓國進口版,2024-11-28,M
445485678880,(until版)第一張正規專輯「Archive 1: [Road Runner]」(韓國進口版),林在範 JAY B(GOT7),L200003142,8804775452406,,韓國進口版,2024-11-28,M
445485678881,(from版)第一張正規專輯「Archive 1: [Road Runner]」(韓國進口版),林在範 JAY B(GOT7),L200003141,8804775452390,,韓國進口版,2024-11-28,M
445485678542,第一張迷你專輯「Like A Flower(Photo Book Ver.)」(韓國進口版),裴柱現 IRENE(Red Velvet),L700001495,8804775452482,S.M. Entertainment,,2024-11-27,M
445485678543,第一張迷你專輯「Like A Flower(Case Ver.)」(韓國進口版),裴柱現 IRENE(Red Velvet),L700001496,8804775452499,S.M. Entertainment,,2024-11-27,M
445485678544,第一張迷你專輯「Like A Flower(Mirror Ver.)」(韓國進口版),裴柱現 IRENE(Red Velvet),L700001497,8804775452505,S.M. Entertainment,,2024-11-27,M
445485678596,(SM官網版)第一張迷你專輯「Like A Flower(Photo Book Ver.)」(韓國進口版),裴柱現 IRENE(Red Velvet),L700001495-SM,,S.M. Entertainment,,2024-11-27,M
445485678597,(APPLEMUSIC版)第一張迷你專輯「Like A Flower(Photo Book Ver.)」(韓國進口版),裴柱現 IRENE(Red Velvet),L700001495-AM,,S.M. Entertainment,,2024-11-27,M
445485678598,(MAKESTAR版)第一張迷你專輯「Like A Flower(Photo Book Ver.)」(韓國進口版),裴柱現 IRENE(Red Velvet),L700001495-MS,,S.M. Entertainment,,2024-11-27,M
445485678599,(Ktown4u版)第一張迷你專輯「Like A Flower(Photo Book Ver.)」(韓國進口版),裴柱現 IRENE(Red Velvet),L700001495-K4,,S.M. Entertainment,,2024-11-27,M
445485678600,(SOUNDWAVE版)第一張迷你專輯「Like A Flower(Photo Book Ver.)」(韓國進口版),裴柱現 IRENE(Red Velvet),L700001495-SW,,S.M. Entertainment,,2024-11-27,M
445485679255,(SM官網/UNBOXING抽卡)第一張迷你專輯「Like A Flower(Photo BookVer.)」(韓國進口版),裴柱現 IRENE(Red Velvet),L700001495SM2,,S.M. Entertainment,,2024-11-27,M
445485679256,(SM官網/UNBOXING抽卡)第一張迷你專輯「Like A Flower(CaseVer.)」(韓國進口版),裴柱現 IRENE(Red Velvet),L700001496-SM,,S.M. Entertainment,,2024-11-27,M
445485679257,(SM官網/UNBOXING抽卡/三版合購版)第一張迷你專輯「Like A Flower」(韓國進口版),裴柱現 IRENE(Red Velvet),L700001495-3S,,S.M. Entertainment,,2024-11-27,M
445485679258,(SM官網抽卡)第一張迷你專輯「Like A Flower(CaseVer.)」(韓國進口版),裴柱現 IRENE(Red Velvet),L700001496SM2,,S.M. Entertainment,,2024-11-27,M
445485678798,(iz版)第一張迷你專輯「N/a」(韓國進口版),izna,CMAC12129,8809704430074,,韓國進口版,2024-11-26,M
445485678799,(na版)第一張迷你專輯「N/a」(韓國進口版),izna,CMAC12129,8809704430074,,韓國進口版,2024-11-26,M
445485678800,(隨機版)第一張迷你專輯「N/a」(韓國進口版),izna,CMAC12129-R,,,韓國進口版,2024-11-26,M
445485678801,(naya版)第一張迷你專輯「N/a(2025 Calendar Ver.)」(韓國進口版),izna,CMAC12128,8809704430067,,韓國進口版,2024-11-26,M
445485678929,(隨機版)第一張迷你專輯「N/a(NFC_Nemo Ver.)」(韓國進口版),izna,CMAC12130,8809704430081,,韓國進口版,2024-11-26,M
445485679008,貞淑的推銷-電視原聲帶(韓國進口版),,WMED1467,8809966902517,,韓國進口版,2024-11-26,M
445485678979,第六張迷你專輯改版「INEVITABLE」(韓國進口版),東海＆銀赫 Super Junior-D&E,DUK1945,8809954228858,,韓國進口版,2024-11-26,M
445485678980,(WITHMUU版)第六張迷你專輯改版「INEVITABLE」(韓國進口版),東海＆銀赫 Super Junior-D&E,DUK1945-WM,,,韓國進口版,2024-11-26,M
445485678981,(Ktown4u版)第六張迷你專輯改版「INEVITABLE」(韓國進口版),東海＆銀赫 Super Junior-D&E,DUK1945-K4,,,韓國進口版,2024-11-26,M
445485678982,(EVERLINE版)第六張迷你專輯改版「INEVITABLE」(韓國進口版),東海＆銀赫 Super Junior-D&E,DUK1945-EL,,,韓國進口版,2024-11-26,M
445485678983,(FROMM版)第六張迷你專輯改版「INEVITABLE」(韓國進口版),東海＆銀赫 Super Junior-D&E,DUK1945-FM,,,韓國進口版,2024-11-26,M
445475679411,第六張迷你專輯「FREQUENCY(Package Ver.)」(韓國進口版),威神V WAYV,L700001492,8804775452352,S.M. Entertainment,,2024-11-26,M
445475679412,(A版)第六張迷你專輯「FREQUENCY(Photobook Ver.)」(韓國進口版),威神V WAYV,L700001493,8804775452369,S.M. Entertainment,,2024-11-26,M
445475679413,(B版)第六張迷你專輯「FREQUENCY(Photobook Ver.)」(韓國進口版),威神V WAYV,L700001493,8804775452369,S.M. Entertainment,,2024-11-26,M
445475679414,(隨機版)第六張迷你專輯「FREQUENCY(Photobook Ver.)」(韓國進口版),威神V WAYV,L700001493-R,,S.M. Entertainment,,2024-11-26,M
445475679415,(隨機版)第六張迷你專輯「FREQUENCY(SMini Ver.)」(韓國進口版),威神V WAYV,L700001494,8804775452376,S.M. Entertainment,,2024-11-26,M
445475679416,(五版合購版)第六張迷你專輯「FREQUENCY(SMini Ver.)」(韓國進口版),威神V WAYV,L700001494-S,,S.M. Entertainment,,2024-11-26,M
445485679063,(WITHMUU/隨機版)第六張迷你專輯「FREQUENCY(Photobook Ver.)」(韓國進口版),威神V WAYV,L700001493-WM,,S.M. Entertainment,,2024-11-26,M
445485679064,(SOUNDWAVE/隨機版)第六張迷你專輯「FREQUENCY(Photobook Ver.)」(韓國進口版),威神V WAYV,L700001493-SW,,S.M. Entertainment,,2024-11-26,M
445485678713,(隨機版)第一張單曲「Last Bell(COMPACT Ver.)」(韓國進口版),TWS,PLD0499,8800276473780,,韓國進口版,2024-11-25,M
445485678714,(WEVERSE/隨機版)第一張單曲「Last Bell(COMPACT Ver.)」(韓國進口版),TWS,PLD0499-WV,,,韓國進口版,2024-11-25,M
445485678715,(阿拉丁/隨機版)第一張單曲「Last Bell(COMPACT Ver.)」(韓國進口版),TWS,PLD0499-AL,,,韓國進口版,2024-11-25,M
445485678716,(YES24/隨機版)第一張單曲「Last Bell(COMPACT Ver.)」(韓國進口版),TWS,PLD0499-YS,,,韓國進口版,2024-11-25,M
445485678717,(APPLEMUSIC/隨機版)第一張單曲「Last Bell(COMPACT Ver.)」(韓國進口版),TWS,PLD0499-AM,,,韓國進口版,2024-11-25,M
445485678718,(Ktown4u/隨機版)第一張單曲「Last Bell(COMPACT Ver.)」(韓國進口版),TWS,PLD0499-K4,,,韓國進口版,2024-11-25,M
445485679261,(WEVERSE/SHOWCASE LIVE抽卡)第一張單曲「Last Bell」(韓國進口版),TWS,PLD0498-WV3,,,韓國進口版,2024-11-25,M
445485679262,(WEVERSE/COMEBACK LIVE抽卡)第一張單曲「Last Bell」(韓國進口版),TWS,PLD0498-WV4,,Big Hit Entertainment,,2024-11-25,M
445485679263,(WEVERSE/COMEBACK LIVE抽卡)第一張單曲「Last Bell(COMPACT Ver.)」(韓國進口版),TWS,PLD0499-WV2,,Big Hit Entertainment,,2024-11-25,M
445485679264,(WEVERSE/COMEBACK LIVE抽卡)第一張單曲「Last Bell(Weverse Albums Ver.)」(韓國進口版),TWS,PLD0500-WV2,,Big Hit Entertainment,,2024-11-25,M
445485678549,第一張單曲「Last Bell」(韓國進口版),TWS,PLD0498,8800276473773,,韓國進口版,2024-11-25,M
445485678552,(WEVERSE版)第一張單曲「Last Bell(Weverse Albums ver.)」(韓國進口版),TWS,PLD0500-WV,,,韓國進口版,2024-11-25,M
445485678553,(YES24版)第一張單曲「Last Bell」(韓國進口版),TWS,PLD0498-YS,,,韓國進口版,2024-11-25,M
445485678554,(YES24版)第一張單曲「Last Bell(Weverse Albums ver.)」(韓國進口版),TWS,PLD0500-YS,,,韓國進口版,2024-11-25,M
445485678555,(阿拉丁版)第一張單曲「Last Bell」(韓國進口版),TWS,PLD0498-AL,,,韓國進口版,2024-11-25,M
445485678556,(阿拉丁版)第一張單曲「Last Bell(Weverse Albums ver.)」(韓國進口版),TWS,PLD0500-AL,,,韓國進口版,2024-11-25,M
445485678713,(隨機版)第一張單曲「Last Bell(COMPACT Ver.)」(韓國進口版),TWS,PLD0499,8800276473780,,韓國進口版,2024-11-25,M
445485678714,(WEVERSE/隨機版)第一張單曲「Last Bell(COMPACT Ver.)」(韓國進口版),TWS,PLD0499-WV,,,韓國進口版,2024-11-25,M
445485678715,(阿拉丁/隨機版)第一張單曲「Last Bell(COMPACT Ver.)」(韓國進口版),TWS,PLD0499-AL,,,韓國進口版,2024-11-25,M
445485678716,(YES24/隨機版)第一張單曲「Last Bell(COMPACT Ver.)」(韓國進口版),TWS,PLD0499-YS,,,韓國進口版,2024-11-25,M
445485678717,(APPLEMUSIC/隨機版)第一張單曲「Last Bell(COMPACT Ver.)」(韓國進口版),TWS,PLD0499-AM,,,韓國進口版,2024-11-25,M
445485678718,(Ktown4u/隨機版)第一張單曲「Last Bell(COMPACT Ver.)」(韓國進口版),TWS,PLD0499-K4,,,韓國進口版,2024-11-25,M
445485679222,(WEVERSE抽卡)第一張單曲「Last Bell」(韓國進口版),TWS,PLD0498-WV2,,,韓國進口版,2024-11-25,M
445485679223,(WITHMUU抽卡)第一張單曲「Last Bell」(韓國進口版),TWS,PLD0498-WM,,,韓國進口版,2024-11-25,M
445485679224,(BEATROAD抽卡)第一張單曲「Last Bell」(韓國進口版),TWS,PLD0498-BR,,,韓國進口版,2024-11-25,M
445485679225,(POWERSTATION抽卡)第一張單曲「Last Bell」(韓國進口版),TWS,PLD0498-PS,,,韓國進口版,2024-11-25,M
445455678754,[MINGI LP] : FIX ON/OFF 生日黑膠(韓國進口),旼琦 Min Gi(Ateez),ATMD61-1,,,韓國進口週邊,2024-11-21,M
445485679015,第三張單曲「PINATA(POCAALBUM)」(韓國進口版),A.C.E,YP0484,8800276473063,,韓國進口版,2024-11-20,M
445485679016,(隨機版)第三張單曲「PINATA」(韓國進口版),A.C.E,YP0483,8800276473056,,韓國進口版,2024-11-20,M
445485678749,第二張正規專輯「PSST!」(韓國進口限量版黑膠LP),John Park,L200003132,8804775452130,,韓國進口版,2024-11-19,M
445475678860,(WEVERSE日本官網/三版合購版)第二張正規專輯改版「ROMANCE : UNTOLD-daydream-」(日本進口版),ENHYPEN,D2CE15399-WV,,,,2024-11-19,M
445475678861,(WEVERSE日本官網/隨機版)第二張正規專輯改版「ROMANCE : UNTOLD-daydream-」(日本進口版),ENHYPEN,HYBJ3017-WV,,,,2024-11-19,M
445475678862,(WEVERSE日本官網)第二張正規專輯改版「ROMANCE : UNTOLD-daydream-(JAPAN Edition)」(日本進口版),ENHYPEN,HYBJ3018-WV,,,,2024-11-19,M
445485678609,(SM官網版)第六張迷你專輯「Letter To Myself(To Ver.)」(韓國進口版),太妍(少女時代) Taeyeon(Girls` Generation),L700001490-SM,,S.M. Entertainment,,2024-11-19,M
445485678610,(Ktown4u版)第六張迷你專輯「Letter To Myself(To Ver.)」(韓國進口版),太妍(少女時代) Taeyeon(Girls` Generation),L700001490-K4,,S.M. Entertainment,,2024-11-19,M
445485678612,(APPLEMUSIC版)第六張迷你專輯「Letter To Myself(Letter Ver.)」(韓國進口版),太妍(少女時代) Taeyeon(Girls` Generation),L700001489-AM,,S.M. Entertainment,,2024-11-19,M
445485678613,(MUSICPLANT版)第六張迷你專輯「Letter To Myself(Letter Ver.)」(韓國進口版),太妍(少女時代) Taeyeon(Girls` Generation),L700001489-MP,,S.M. Entertainment,,2024-11-19,M
445475679422,第六張迷你專輯「Letter To Myself(Letter Ver.)」(韓國進口版),太妍(少女時代) Taeyeon(Girls` Generation),L700001489,8804775452246,S.M. Entertainment,,2024-11-19,M
445475679423,第六張迷你專輯「Letter To Myself(To Ver.)」(韓國進口版),太妍(少女時代) Taeyeon(Girls` Generation),L700001490,8804775452253,S.M. Entertainment,,2024-11-19,M
445475679424,第六張迷你專輯「Letter To Myself(Myself Ver.)」(韓國進口版),太妍(少女時代) Taeyeon(Girls` Generation),L700001491,8804775452260,S.M. Entertainment,,2024-11-19,M
445485678682,第七張專輯改版「GROWTH THEORY : Final Edition」(韓國進口版),高潤荷 Younha,L200003146,8804775452383,,韓國進口版,2024-11-19,M
445475679471,(Bored版)第一張迷你專輯「NALLINA」(韓國進口版),NEXZ,JYPK1939,8809954228797,JYP Entertainment,,2024-11-18,M
445475679472,(Nalli版)第一張迷你專輯「NALLINA」(韓國進口版),NEXZ,JYPK1939,8809954228797,JYP Entertainment,,2024-11-18,M
445475679473,(隨機版)第一張迷你專輯「NALLINA」(韓國進口版),NEXZ,JYPK1939-R,,JYP Entertainment,,2024-11-18,M
445475679474,(限量版)第一張迷你專輯「NALLINA」(韓國進口版),NEXZ,JYPK1938,8809954228780,JYP Entertainment,,2024-11-18,M
445475679475,第一張迷你專輯「NALLINA(PLATFROM_NEMO VER.)」(韓國進口版),NEXZ,JYPK1940,8809954228803,JYP Entertainment,,2024-11-18,M
445475678915,(日本官網/三版合購版)個人專輯「Happy」(韓國進口版),金碩珍(防彈少年團) JIN(BTS),D2CE15418,,Big Hit Entertainment,日版進口,2024-11-16,M
445475678916,(日本官網/隨機版)個人專輯「Happy」(韓國進口版),金碩珍(防彈少年團) JIN(BTS),HYBJ1019,,Big Hit Entertainment,日版進口,2024-11-16,M
445475679347,(To版)第十一張迷你專輯「GOLDEN HOUR : Part.2」(韓國進口版),Ateez,S91348C,8803581203448,,韓國進口版,2024-11-15,M
445475679348,(For版)第十一張迷你專輯「GOLDEN HOUR : Part.2」(韓國進口版),Ateez,S91348C,8803581203448,,韓國進口版,2024-11-15,M
445475679349,(Diary版)第十一張迷你專輯「GOLDEN HOUR : Part.2」(韓國進口版),Ateez,S91348C,8803581203448,,韓國進口版,2024-11-15,M
445475679350,(隨機版)第十一張迷你專輯「GOLDEN HOUR : Part.2」(韓國進口版),Ateez,S91348C-R,,,韓國進口版,2024-11-15,M
445475679351,(三版合購版)第十一張迷你專輯「GOLDEN HOUR : Part.2」(韓國進口版),Ateez,S91348C-S,,,韓國進口版,2024-11-15,M
445475679352,(隨機版)第十一張迷你專輯「GOLDEN HOUR : Part.2(DIGIPACK VER.)」(韓國進口版),Ateez,S91349C,8803581203455,,韓國進口版,2024-11-15,M
445475679353,(For版)第十一張迷你專輯「GOLDEN HOUR : Part.2(POCAALBUM VER.)」(韓國進口版),Ateez,S91350U,8803581203462,,韓國進口版,2024-11-15,M
445475679354,(Diary版)第十一張迷你專輯「GOLDEN HOUR : Part.2(POCAALBUM VER.)」(韓國進口版),Ateez,S91350U,8803581203462,,韓國進口版,2024-11-15,M
445475679355,(To版)第十一張迷你專輯「GOLDEN HOUR : Part.2(POCAALBUM VER.)」(韓國進口版),Ateez,S91350U,8803581203462,,韓國進口版,2024-11-15,M
445475679356,(隨機版)第十一張迷你專輯「GOLDEN HOUR : Part.2(POCAALBUM VER.)」(韓國進口版),Ateez,S91350U-R,,,韓國進口版,2024-11-15,M
445475679357,(三版合購版)第十一張迷你專輯「GOLDEN HOUR : Part.2(POCAALBUM VER.)」(韓國進口版),Ateez,S91350U-S,,,韓國進口版,2024-11-15,M
445485678952,(官網/SPECIAL GIFT)個人專輯「Happy」(韓國進口版),金碩珍(防彈少年團) JIN(BTS),BHE0496O2,,Big Hit Entertainment,,2024-11-15,M
445475678902,(Journey版)個人專輯「Happy」(韓國進口版),金碩珍(防彈少年團) JIN(BTS),BHE0496,8800276473612,Big Hit Entertainment,,2024-11-15,M
445475678903,(Imagine版)個人專輯「Happy」(韓國進口版),金碩珍(防彈少年團) JIN(BTS),BHE0496,8800276473612,Big Hit Entertainment,,2024-11-15,M
445475678904,(Navigate版)個人專輯「Happy」(韓國進口版),金碩珍(防彈少年團) JIN(BTS),BHE0496,8800276473612,Big Hit Entertainment,,2024-11-15,M
445475678905,(隨機版)個人專輯「Happy」(韓國進口版),金碩珍(防彈少年團) JIN(BTS),BHE0496-R,,Big Hit Entertainment,,2024-11-15,M
445475678906,(三版合購版)個人專輯「Happy」(韓國進口版),金碩珍(防彈少年團) JIN(BTS),BHE0496-S,,Big Hit Entertainment,,2024-11-15,M
445475678907,個人專輯「Happy(Weverse Albums ver.)」(韓國進口版),金碩珍(防彈少年團) JIN(BTS),BHE0497,8800276473629,Big Hit Entertainment,,2024-11-15,M
445475678908,(官網/Journey版)個人專輯「Happy」(韓國進口版),金碩珍(防彈少年團) JIN(BTS),BHE0496O,,Big Hit Entertainment,,2024-11-15,M
445475678909,(官網/Imagine版)個人專輯「Happy」(韓國進口版),金碩珍(防彈少年團) JIN(BTS),BHE0496O,,Big Hit Entertainment,,2024-11-15,M
445475678910,(官網/Navigate版)個人專輯「Happy」(韓國進口版),金碩珍(防彈少年團) JIN(BTS),BHE0496O,,Big Hit Entertainment,,2024-11-15,M
445475678911,(官網/三版合購版)個人專輯「Happy」(韓國進口版),金碩珍(防彈少年團) JIN(BTS),BHE0496O-S,,Big Hit Entertainment,,2024-11-15,M
445475678912,(官網版)個人專輯「Happy(Weverse Albums ver.)」(韓國進口版),金碩珍(防彈少年團) JIN(BTS),BHE0497O,,Big Hit Entertainment,,2024-11-15,M
445475678913,(官網/四版合購版)個人專輯「Happy」(韓國進口版),金碩珍(防彈少年團) JIN(BTS),BHE0496O-S4,,Big Hit Entertainment,,2024-11-15,M
445485678520,(1版)第二張迷你專輯「I Did」(韓國進口版),Yves(LOONA),VDCD7160,8809957310765,,韓國進口版,2024-11-14,M
445485678521,(2版)第二張迷你專輯「I Did」(韓國進口版),Yves(LOONA),VDCD7160,8809957310765,,韓國進口版,2024-11-14,M
445485678522,(隨機版)第二張迷你專輯「I Did」(韓國進口版),Yves(LOONA),VDCD7160-R,,,韓國進口版,2024-11-14,M
445475679228,(七版合購版)「DREAMSCAPE(Vertical Flip Ver.)」(韓國進口版),NCT DREAM,L700001474-S,,S.M. Entertainment,,2024-11-12,M
445475679230,(渽民版)「DREAMSCAPE(Vertical Flip Ver.)」(韓國進口版),NCT DREAM,L700001474-1,,S.M. Entertainment,,2024-11-12,M
445475679231,(Jeno版)「DREAMSCAPE(Vertical Flip Ver.)」(韓國進口版),NCT DREAM,L700001474-2,,S.M. Entertainment,,2024-11-12,M
445475679232,(Mark版)「DREAMSCAPE(Vertical Flip Ver.)」(韓國進口版),NCT DREAM,L700001474-3,,S.M. Entertainment,,2024-11-12,M
445475679233,(志晟版)「DREAMSCAPE(Vertical Flip Ver.)」(韓國進口版),NCT DREAM,L700001474-4,,S.M. Entertainment,,2024-11-12,M
445475679234,(楷燦版)「DREAMSCAPE(Vertical Flip Ver.)」(韓國進口版),NCT DREAM,L700001474-5,,S.M. Entertainment,,2024-11-12,M
445475679235,(仁俊版)「DREAMSCAPE(Vertical Flip Ver.)」(韓國進口版),NCT DREAM,L700001474-6,,S.M. Entertainment,,2024-11-12,M
445475679236,(辰樂版)「DREAMSCAPE(Vertical Flip Ver.)」(韓國進口版),NCT DREAM,L700001474-7,,S.M. Entertainment,,2024-11-12,M
445475679237,「DREAMSCAPE(DREAMini Ver.)」(韓國進口版),NCT DREAM,L700001475,8804775451720,S.M. Entertainment,,2024-11-12,M
445475679238,(隨機版)「DREAMSCAPE(SMini Ver.)」(韓國進口版),NCT DREAM,L700001476,8804775451737,S.M. Entertainment,,2024-11-12,M
445475679239,(七版合購版)「DREAMSCAPE(SMini Ver.)」(韓國進口版),NCT DREAM,L700001476-S,,S.M. Entertainment,,2024-11-12,M
445475679240,(渽民版)「DREAMSCAPE(SMini Ver.)」(韓國進口版),NCT DREAM,L700001476-1,,S.M. Entertainment,,2024-11-12,M
445475679241,(Jeno版)「DREAMSCAPE(SMini Ver.)」(韓國進口版),NCT DREAM,L700001476-2,,S.M. Entertainment,,2024-11-12,M
445475679242,(Mark版)「DREAMSCAPE(SMini Ver.)」(韓國進口版),NCT DREAM,L700001476-3,,S.M. Entertainment,,2024-11-12,M
445475679243,(志晟版)「DREAMSCAPE(SMini Ver.)」(韓國進口版),NCT DREAM,L700001476-4,,S.M. Entertainment,,2024-11-12,M
445475679244,(楷燦版)「DREAMSCAPE(SMini Ver.)」(韓國進口版),NCT DREAM,L700001476-5,,S.M. Entertainment,,2024-11-12,M
